epoch,cos_dist,top1_acc,top3_acc
0,0.3354573679821832,0.6678571428571428,0.9107142857142857
1,0.26954869798251563,0.7714285714285715,0.9464285714285714
2,0.2618880721075194,0.7571428571428571,0.9428571428571428
3,0.26722806990146636,0.8,0.9392857142857143
4,0.2753510692289897,0.7642857142857142,0.925
5,0.2773339435458183,0.7892857142857143,0.9285714285714286
