epoch,cos_dist,top1_acc,top3_acc
0,0.3354573679821832,0.6678571428571428,0.9107142857142857
1,0.2736586713365146,0.7821428571428571,0.9392857142857143
2,0.25162357624088016,0.7928571428571428,0.9535714285714286
3,0.25042871428387503,0.7642857142857142,0.9357142857142857
4,0.2520740444106715,0.7857142857142857,0.9392857142857143
5,0.256244850478002,0.7928571428571428,0.95
