epoch,cos_dist,top1_acc,top3_acc
0,0.3354573679821832,0.6678571428571428,0.9107142857142857
1,0.28211467298013826,0.7535714285714286,0.9428571428571428
2,0.28907862859112876,0.75,0.9285714285714286
3,0.3007117518356868,0.7607142857142857,0.9142857142857143
4,0.31124395142708505,0.7642857142857142,0.925
5,0.3183903728212629,0.7321428571428571,0.9071428571428571
