epoch,cos_dist,top1_acc,top3_acc
0,0.3354573679821832,0.6678571428571428,0.9107142857142857
1,0.2685226889593261,0.75,0.9428571428571428
2,0.28092439813273296,0.7428571428571429,0.925
3,0.2864462270268372,0.7321428571428571,0.9107142857142857
4,0.2900347122124263,0.7178571428571429,0.9142857142857143
5,0.29447198595319474,0.7321428571428571,0.9214285714285714
