epoch,cos_dist,top1_acc,top3_acc
0,0.3354573679821832,0.6678571428571428,0.9107142857142857
1,0.2829404279589653,0.7285714285714285,0.9142857142857143
2,0.29031227656773156,0.7321428571428571,0.925
3,0.3000568334545408,0.7642857142857142,0.925
4,0.3129951354648386,0.7178571428571429,0.8928571428571429
5,0.31510946261031286,0.7607142857142857,0.9321428571428572
