epoch,cos_dist,top1_acc,top3_acc
0,0.3354573679821832,0.6678571428571428,0.9107142857142857
1,0.26990689880081586,0.7785714285714286,0.9392857142857143
2,0.2597186798495906,0.7964285714285714,0.9464285714285714
3,0.26682235917874747,0.8,0.9464285714285714
4,0.2752712722335543,0.7464285714285714,0.925
5,0.2785425429897649,0.7821428571428571,0.9428571428571428
