epoch,cos_dist,top1_acc,top3_acc
0,0.3354573679821832,0.6678571428571428,0.9107142857142857
1,0.25406551105635505,0.7785714285714286,0.9535714285714286
2,0.25068339630961417,0.7857142857142857,0.95
3,0.25559467183692114,0.7714285714285715,0.925
4,0.26018275235380445,0.7857142857142857,0.9142857142857143
5,0.2643473143024104,0.7464285714285714,0.925
