epoch,cos_dist,top1_acc,top3_acc
0,0.3354573679821832,0.6678571428571428,0.9107142857142857
1,0.27369980269244737,0.775,0.9321428571428572
2,0.2512829982808658,0.7857142857142857,0.9464285714285714
3,0.2493147995855127,0.7892857142857143,0.9464285714285714
4,0.252886056474277,0.7892857142857143,0.9428571428571428
5,0.2563490846327373,0.7857142857142857,0.9357142857142857
