epoch,cos_dist,top1_acc,top3_acc
0,0.3354573679821832,0.6678571428571428,0.9107142857142857
1,0.26718968749046323,0.7178571428571429,0.9285714285714286
2,0.2766652502119541,0.7357142857142858,0.9071428571428571
3,0.2873842077595847,0.7178571428571429,0.9214285714285714
4,0.2889928763466222,0.7357142857142858,0.9178571428571428
5,0.2929006061383656,0.7214285714285714,0.925
