epoch,cos_dist,top1_acc,top3_acc
0,0.3354573679821832,0.6678571428571428,0.9107142857142857
1,0.27255206533840726,0.7892857142857143,0.9392857142857143
2,0.25237189361027307,0.7892857142857143,0.9464285714285714
3,0.24934534717883383,0.7964285714285714,0.9428571428571428
4,0.2518093926565988,0.7892857142857143,0.9392857142857143
5,0.25658188951866967,0.775,0.9357142857142857
