epoch,cos_dist,top1_acc,top3_acc
0,0.3354573679821832,0.6678571428571428,0.9107142857142857
1,0.24597287263189044,0.7785714285714286,0.9285714285714286
2,0.24996797240206173,0.7785714285714286,0.9357142857142857
3,0.2556064576974937,0.7392857142857143,0.925
4,0.2554181610899312,0.7428571428571429,0.9142857142857143
5,0.25372724128620966,0.7678571428571429,0.9357142857142857
