epoch,cos_dist,top1_acc,top3_acc
0,0.3354573679821832,0.6678571428571428,0.9107142857142857
1,0.23850534952112606,0.7928571428571428,0.95
2,0.23687781723482268,0.7678571428571429,0.925
3,0.23979190162249975,0.7571428571428571,0.9321428571428572
4,0.24275203038539206,0.7571428571428571,0.9357142857142857
5,0.24472516796418597,0.7464285714285714,0.9214285714285714
