epoch,cos_dist,top1_acc,top3_acc
0,0.3354573679821832,0.6678571428571428,0.9107142857142857
1,0.24122594041483744,0.7535714285714286,0.9392857142857143
2,0.2358385719358921,0.7607142857142857,0.9285714285714286
3,0.24180647230574062,0.7392857142857143,0.9214285714285714
4,0.2439271880047662,0.7571428571428571,0.925
5,0.24281455469982965,0.7714285714285715,0.9392857142857143
