epoch,cos_dist,top1_acc,top3_acc
0,0.3354573679821832,0.6678571428571428,0.9107142857142857
1,0.23431435897946357,0.7714285714285715,0.9464285714285714
2,0.23655441403388977,0.75,0.9285714285714286
3,0.24113799844469344,0.7678571428571429,0.9214285714285714
4,0.24001033518995557,0.7642857142857142,0.9392857142857143
5,0.24225240509424892,0.7464285714285714,0.925
