epoch,cos_dist,top1_acc,top3_acc
0,0.3354573679821832,0.6678571428571428,0.9107142857142857
1,0.2564790310604232,0.7535714285714286,0.9285714285714286
2,0.2541014022060803,0.7821428571428571,0.925
3,0.258993590090956,0.7607142857142857,0.9142857142857143
4,0.2648400994283812,0.7428571428571429,0.9035714285714286
5,0.2647818851683821,0.7642857142857142,0.9142857142857143
