epoch,cos_dist,top1_acc,top3_acc
0,0.3354573679821832,0.6678571428571428,0.9107142857142857
1,0.24608762551631247,0.7571428571428571,0.9464285714285714
2,0.2479584592793669,0.7642857142857142,0.9142857142857143
3,0.2551139362156391,0.7285714285714285,0.9178571428571428
4,0.25397718176245687,0.7785714285714286,0.9357142857142857
5,0.2611429157001632,0.7321428571428571,0.8928571428571429
