epoch,cos_dist,top1_acc,top3_acc
0,0.3354573679821832,0.6678571428571428,0.9107142857142857
1,0.25353710119213374,0.7678571428571429,0.925
2,0.2519534608083112,0.7607142857142857,0.9357142857142857
3,0.25693081968597004,0.7821428571428571,0.9214285714285714
4,0.2596618215952601,0.7821428571428571,0.9178571428571428
5,0.265178008377552,0.7464285714285714,0.925
