epoch,cos_dist,top1_acc,top3_acc
0,0.3354573679821832,0.6678571428571428,0.9107142857142857
1,0.27346338108181956,0.75,0.9285714285714286
2,0.26076774118202073,0.7857142857142857,0.9428571428571428
3,0.26773313730955123,0.775,0.9357142857142857
4,0.27545493809240207,0.7607142857142857,0.9321428571428572
5,0.2793582704450403,0.7571428571428571,0.9142857142857143
