epoch,cos_dist,top1_acc,top3_acc
0,0.3354573679821832,0.6678571428571428,0.9107142857142857
1,0.29506435096263883,0.7821428571428571,0.9142857142857143
2,0.2867936316345419,0.7678571428571429,0.9428571428571428
3,0.2919579463345664,0.7785714285714286,0.9357142857142857
4,0.3002536135060447,0.7785714285714286,0.9321428571428572
5,0.3091408790222236,0.7964285714285714,0.9321428571428572
