epoch,cos_dist,top1_acc,top3_acc
0,0.3354573679821832,0.6678571428571428,0.9107142857142857
1,0.2477631595517908,0.7642857142857142,0.9428571428571428
2,0.2506874404847622,0.7464285714285714,0.9321428571428572
3,0.25241078904696873,0.7571428571428571,0.9357142857142857
4,0.25730267901505743,0.75,0.9321428571428572
5,0.2583567737468651,0.725,0.9107142857142857
