epoch,cos_dist,top1_acc,top3_acc
0,0.3354573679821832,0.6678571428571428,0.9107142857142857
1,0.27377159776432175,0.7642857142857142,0.9392857142857143
2,0.25218620321580343,0.775,0.9428571428571428
3,0.2503073401749134,0.8,0.9392857142857143
4,0.2531623434807573,0.7857142857142857,0.9428571428571428
5,0.2560106241277286,0.7928571428571428,0.9428571428571428
