epoch,cos_dist,top1_acc,top3_acc
0,0.3354573679821832,0.6678571428571428,0.9107142857142857
1,0.24706389680504798,0.7785714285714286,0.9357142857142857
2,0.2493102317409856,0.7607142857142857,0.925
3,0.2515635836337294,0.7571428571428571,0.9357142857142857
4,0.2536106328879084,0.7464285714285714,0.9214285714285714
5,0.2544603908700602,0.7535714285714286,0.9071428571428571
