epoch,cos_dist,top1_acc,top3_acc
0,0.3354573679821832,0.6678571428571428,0.9107142857142857
1,0.2394479742007596,0.7892857142857143,0.95
2,0.23538526647857258,0.7678571428571429,0.9285714285714286
3,0.239772159074034,0.7571428571428571,0.9214285714285714
4,0.2406374895146915,0.7785714285714286,0.9392857142857143
5,0.2428204121334212,0.7571428571428571,0.9285714285714286
