epoch,cos_dist,top1_acc,top3_acc
0,0.3354573679821832,0.6678571428571428,0.9107142857142857
1,0.24306506908365658,0.7785714285714286,0.9357142857142857
2,0.25153991963182176,0.7321428571428571,0.925
3,0.2560356713831425,0.7428571428571429,0.9107142857142857
4,0.25379030779004097,0.7607142857142857,0.9321428571428572
5,0.25534329052482335,0.7607142857142857,0.9428571428571428
