epoch,cos_dist,top1_acc,top3_acc
0,0.3354573679821832,0.6678571428571428,0.9107142857142857
1,0.2723980224558285,0.7571428571428571,0.9392857142857143
2,0.2520265098129,0.7857142857142857,0.9392857142857143
3,0.24949329452855246,0.7821428571428571,0.9392857142857143
4,0.2529814442353589,0.7857142857142857,0.9428571428571428
5,0.2566720828413963,0.7857142857142857,0.9392857142857143
