epoch,cos_dist,top1_acc,top3_acc
0,0.3354573679821832,0.6678571428571428,0.9107142857142857
1,0.2800695164927414,0.7392857142857143,0.9321428571428572
2,0.28464294586862837,0.7535714285714286,0.9285714285714286
3,0.2991553436432566,0.7607142857142857,0.9357142857142857
4,0.3094478151627949,0.7464285714285714,0.9178571428571428
5,0.3178490267268249,0.7678571428571429,0.9214285714285714
