epoch,cos_dist,top1_acc,top3_acc
0,0.3354573679821832,0.6678571428571428,0.9107142857142857
1,0.27342225738934106,0.7785714285714286,0.95
2,0.25239327528647015,0.7678571428571429,0.9428571428571428
3,0.25018729971987863,0.775,0.9428571428571428
4,0.2538632216198104,0.7964285714285714,0.9357142857142857
5,0.25654219357030733,0.7821428571428571,0.9392857142857143
