epoch,cos_dist,top1_acc,top3_acc
0,0.3354573679821832,0.6678571428571428,0.9107142857142857
1,0.24563499401722635,0.7714285714285715,0.9464285714285714
2,0.2485601060092449,0.725,0.9285714285714286
3,0.25470066922051565,0.7535714285714286,0.925
4,0.2539463457252298,0.7642857142857142,0.9107142857142857
5,0.2545370077448232,0.7392857142857143,0.925
