epoch,cos_dist,top1_acc,top3_acc
0,0.3354573679821832,0.6678571428571428,0.9107142857142857
1,0.2658542604318687,0.775,0.9571428571428572
2,0.27850419506430624,0.7571428571428571,0.9142857142857143
3,0.28623042500444823,0.7392857142857143,0.9142857142857143
4,0.2912855268589088,0.7357142857142858,0.925
5,0.28834663033485414,0.7464285714285714,0.9321428571428572
