epoch,cos_dist,top1_acc,top3_acc
0,0.3354573679821832,0.6678571428571428,0.9107142857142857
1,0.2708069725760392,0.7785714285714286,0.9357142857142857
2,0.26076536018933566,0.7821428571428571,0.9392857142857143
3,0.266995594650507,0.7821428571428571,0.9428571428571428
4,0.2740909066583429,0.7714285714285715,0.9392857142857143
5,0.279391774641616,0.7714285714285715,0.9214285714285714
