epoch,cos_dist,top1_acc,top3_acc
0,0.3354573679821832,0.6678571428571428,0.9107142857142857
1,0.2389128084693636,0.775,0.95
2,0.23615105279854365,0.7642857142857142,0.9321428571428572
3,0.23961016865713256,0.7714285714285715,0.9392857142857143
4,0.24247580128056662,0.7821428571428571,0.9321428571428572
5,0.24278041230780736,0.7607142857142857,0.9214285714285714
