epoch,cos_dist,top1_acc,top3_acc
0,0.3354573679821832,0.6678571428571428,0.9107142857142857
1,0.27113090945141655,0.7285714285714285,0.9535714285714286
2,0.2636301794222423,0.7464285714285714,0.9464285714285714
3,0.2692560653601374,0.7607142857142857,0.9321428571428572
4,0.27392507844737596,0.7892857142857143,0.9285714285714286
5,0.2778846923794065,0.7714285714285715,0.9321428571428572
