epoch,cos_dist,top1_acc,top3_acc
0,0.3354573679821832,0.6678571428571428,0.9107142857142857
1,0.244306903226035,0.7714285714285715,0.9285714285714286
2,0.250710356341941,0.8035714285714286,0.9392857142857143
3,0.2528972637440477,0.7714285714285715,0.9285714285714286
4,0.2544520852821214,0.7428571428571429,0.9107142857142857
5,0.2554993828492505,0.7464285714285714,0.9392857142857143
