epoch,cos_dist,top1_acc,top3_acc
0,0.3354573679821832,0.6678571428571428,0.9107142857142857
1,0.24082551268594607,0.7821428571428571,0.9535714285714286
2,0.23830909792866026,0.7428571428571429,0.9357142857142857
3,0.2378658112670694,0.7714285714285715,0.9357142857142857
4,0.24101927440081325,0.7821428571428571,0.9357142857142857
5,0.24059213176369668,0.7821428571428571,0.9214285714285714
