epoch,cos_dist,top1_acc,top3_acc
0,0.3354573679821832,0.6678571428571428,0.9107142857142857
1,0.25386508075254305,0.7535714285714286,0.9392857142857143
2,0.2520186934087958,0.7535714285714286,0.9392857142857143
3,0.2582040033170155,0.7642857142857142,0.9285714285714286
4,0.26208993111337936,0.7642857142857142,0.9357142857142857
5,0.2641852053148406,0.7392857142857143,0.9214285714285714
