epoch,cos_dist,top1_acc,top3_acc
0,0.3354573679821832,0.6678571428571428,0.9107142857142857
1,0.29565660964165413,0.7678571428571429,0.9321428571428572
2,0.28592143793191227,0.7892857142857143,0.95
3,0.2907662144729069,0.8142857142857143,0.9642857142857143
4,0.2997852317988873,0.7785714285714286,0.9535714285714286
5,0.3104082980326244,0.7785714285714286,0.9392857142857143
