epoch,cos_dist,top1_acc,top3_acc
0,0.3354573679821832,0.6678571428571428,0.9107142857142857
1,0.2357522744153227,0.7535714285714286,0.9428571428571428
2,0.2407733074256352,0.725,0.9142857142857143
3,0.2422079219349793,0.7642857142857142,0.9178571428571428
4,0.23905676496880396,0.7571428571428571,0.9285714285714286
5,0.24061101142849242,0.7357142857142858,0.9214285714285714
