epoch,cos_dist,top1_acc,top3_acc
0,0.3354573679821832,0.6678571428571428,0.9107142857142857
1,0.24723262723003114,0.75,0.9285714285714286
2,0.248171536305121,0.7785714285714286,0.9428571428571428
3,0.25537933047328676,0.7642857142857142,0.9321428571428572
4,0.2583976770085948,0.7535714285714286,0.9142857142857143
5,0.2579988098570279,0.7357142857142858,0.9285714285714286
