epoch,cos_dist,top1_acc,top3_acc
0,0.3354573679821832,0.6678571428571428,0.9107142857142857
1,0.2781500348023006,0.8,0.9607142857142857
2,0.2860643125006131,0.7714285714285715,0.9392857142857143
3,0.2986823072390897,0.7357142857142858,0.9392857142857143
4,0.3055834811713014,0.7714285714285715,0.9464285714285714
5,0.3152742918048586,0.725,0.925
