epoch,cos_dist,top1_acc,top3_acc
0,0.3354573679821832,0.6678571428571428,0.9107142857142857
1,0.2699643558689526,0.7785714285714286,0.9428571428571428
2,0.2614804239145347,0.7928571428571428,0.9535714285714286
3,0.26675532534718516,0.775,0.9285714285714286
4,0.27351551577448846,0.7571428571428571,0.9392857142857143
5,0.2782767970647131,0.775,0.9535714285714286
