epoch,cos_dist,top1_acc,top3_acc
0,0.3354573679821832,0.6678571428571428,0.9107142857142857
1,0.2954231638993536,0.7714285714285715,0.9321428571428572
2,0.28649019822478294,0.7821428571428571,0.9428571428571428
3,0.2906598959650312,0.7892857142857143,0.9535714285714286
4,0.3006405071488449,0.775,0.9464285714285714
5,0.3098331578075886,0.7892857142857143,0.9428571428571428
