epoch,cos_dist,top1_acc,top3_acc
0,0.3354573679821832,0.6678571428571428,0.9107142857142857
1,0.27073448917695453,0.7642857142857142,0.9464285714285714
2,0.2617731179509844,0.7678571428571429,0.9428571428571428
3,0.26761634200811385,0.7607142857142857,0.9464285714285714
4,0.2755968811256545,0.7607142857142857,0.9392857142857143
5,0.2782284617424011,0.7535714285714286,0.9285714285714286
