epoch,cos_dist,top1_acc,top3_acc
0,0.3354573679821832,0.6678571428571428,0.9107142857142857
1,0.265776402503252,0.7464285714285714,0.9321428571428572
2,0.27244899326137134,0.7785714285714286,0.9285714285714286
3,0.2840988821216992,0.7607142857142857,0.9357142857142857
4,0.2905447197811944,0.7357142857142858,0.9142857142857143
5,0.2913846442742007,0.7035714285714286,0.9142857142857143
