epoch,cos_dist,top1_acc,top3_acc
0,0.3354573679821832,0.6678571428571428,0.9107142857142857
1,0.27157546931079457,0.7607142857142857,0.9428571428571428
2,0.2625412686594895,0.775,0.9357142857142857
3,0.2686284738991942,0.7607142857142857,0.9428571428571428
4,0.27378174300704683,0.8035714285714286,0.9392857142857143
5,0.2792861245572567,0.7928571428571428,0.9178571428571428
