epoch,cos_dist,top1_acc,top3_acc
0,0.3354573679821832,0.6678571428571428,0.9107142857142857
1,0.265639739377158,0.775,0.9464285714285714
2,0.2760882807629449,0.7428571428571429,0.9285714285714286
3,0.2846151569059917,0.7428571428571429,0.9321428571428572
4,0.2915310338139534,0.7535714285714286,0.9178571428571428
5,0.2904349001390593,0.6785714285714286,0.9035714285714286
