epoch,cos_dist,top1_acc,top3_acc
0,0.3354573679821832,0.6678571428571428,0.9107142857142857
1,0.27336960818086353,0.7678571428571429,0.9392857142857143
2,0.251464638539723,0.7714285714285715,0.9392857142857143
3,0.24857702808720725,0.7892857142857143,0.9428571428571428
4,0.25210286261779924,0.7857142857142857,0.9464285714285714
5,0.2568242301898343,0.7571428571428571,0.9321428571428572
