epoch,cos_dist,top1_acc,top3_acc
0,0.3354573679821832,0.6678571428571428,0.9107142857142857
1,0.2953436140503202,0.7821428571428571,0.9464285714285714
2,0.28605337643197604,0.7642857142857142,0.95
3,0.29043363534978456,0.7892857142857143,0.9392857142857143
4,0.3009369904441493,0.7785714285714286,0.9428571428571428
5,0.30926821774670055,0.7642857142857142,0.9392857142857143
