epoch,cos_dist,top1_acc,top3_acc
0,0.3354573679821832,0.6678571428571428,0.9107142857142857
1,0.2716098821588925,0.7607142857142857,0.9428571428571428
2,0.2630124730723245,0.7821428571428571,0.9464285714285714
3,0.2667384718145643,0.8,0.9428571428571428
4,0.2744214189904077,0.7857142857142857,0.9285714285714286
5,0.2794926293194294,0.7607142857142857,0.9142857142857143
