epoch,cos_dist,top1_acc,top3_acc
0,0.3354573679821832,0.6678571428571428,0.9107142857142857
1,0.2411668859422207,0.7607142857142857,0.9357142857142857
2,0.23623279897230012,0.7571428571428571,0.9357142857142857
3,0.24148175748331205,0.7535714285714286,0.9285714285714286
4,0.24318636772888047,0.7642857142857142,0.925
5,0.242283845692873,0.7714285714285715,0.9178571428571428
