epoch,cos_dist,top1_acc,top3_acc
0,0.3354573679821832,0.6678571428571428,0.9107142857142857
1,0.2724792850869043,0.7607142857142857,0.9392857142857143
2,0.25185828496302876,0.7785714285714286,0.9571428571428572
3,0.24928686363356453,0.7821428571428571,0.9535714285714286
4,0.25333247088960237,0.7785714285714286,0.9392857142857143
5,0.25658055927072254,0.7928571428571428,0.9357142857142857
