epoch,cos_dist,top1_acc,top3_acc
0,0.3354573679821832,0.6678571428571428,0.9107142857142857
1,0.28171268392886434,0.7821428571428571,0.9535714285714286
2,0.2887014011187213,0.7714285714285715,0.925
3,0.30175102800130843,0.7714285714285715,0.9357142857142857
4,0.31244012606995447,0.7428571428571429,0.9142857142857143
5,0.3173502804977553,0.7642857142857142,0.9107142857142857
