epoch,cos_dist,top1_acc,top3_acc
0,0.3354573679821832,0.6678571428571428,0.9107142857142857
1,0.2787352539598942,0.7678571428571429,0.9357142857142857
2,0.2875275913093771,0.7714285714285715,0.925
3,0.30009677463344164,0.7428571428571429,0.9285714285714286
4,0.31068204577480046,0.775,0.9285714285714286
5,0.3152452956352915,0.7357142857142858,0.9285714285714286
