epoch,cos_dist,top1_acc,top3_acc
0,0.3354573679821832,0.6678571428571428,0.9107142857142857
1,0.2548785150051117,0.7678571428571429,0.9535714285714286
2,0.25005056283303667,0.7857142857142857,0.9428571428571428
3,0.25691424437931604,0.7714285714285715,0.9321428571428572
4,0.2603034294077328,0.7714285714285715,0.9464285714285714
5,0.2610270564045225,0.8,0.9321428571428572
