epoch,cos_dist,top1_acc,top3_acc
0,0.3354573679821832,0.6678571428571428,0.9107142857142857
1,0.27373543328472544,0.775,0.9357142857142857
2,0.2532558581658772,0.7607142857142857,0.9428571428571428
3,0.2499223207788808,0.7678571428571429,0.9357142857142857
4,0.2528746007808617,0.7678571428571429,0.9428571428571428
5,0.256164067451443,0.7785714285714286,0.9321428571428572
