epoch,cos_dist,top1_acc,top3_acc
0,0.3354573679821832,0.6678571428571428,0.9107142857142857
1,0.27111527430159704,0.7785714285714286,0.9464285714285714
2,0.2623925327190331,0.7892857142857143,0.95
3,0.2685703980071204,0.7678571428571429,0.9357142857142857
4,0.27528283596038816,0.7535714285714286,0.925
5,0.2803770220705441,0.7571428571428571,0.925
