epoch,cos_dist,top1_acc,top3_acc
0,0.3354573679821832,0.6678571428571428,0.9107142857142857
1,0.23508648787225997,0.775,0.9464285714285714
2,0.23943980314901897,0.75,0.925
3,0.24140345198767527,0.7357142857142858,0.9142857142857143
4,0.24278150892683437,0.7535714285714286,0.9107142857142857
5,0.24049954126988138,0.7642857142857142,0.9357142857142857
