epoch,cos_dist,top1_acc,top3_acc
0,0.3354573679821832,0.6678571428571428,0.9107142857142857
1,0.2730066437806402,0.7785714285714286,0.9357142857142857
2,0.2519154259136745,0.7678571428571429,0.9464285714285714
3,0.2505607545375824,0.7642857142857142,0.9392857142857143
4,0.25486897783620016,0.7642857142857142,0.9321428571428572
5,0.2570182565067496,0.7642857142857142,0.9464285714285714
