epoch,cos_dist,top1_acc,top3_acc
0,0.3354573679821832,0.6678571428571428,0.9107142857142857
1,0.23678596285837036,0.7285714285714285,0.9392857142857143
2,0.23810939714312554,0.75,0.9392857142857143
3,0.23924419965062824,0.7428571428571429,0.925
4,0.24075809812971524,0.7857142857142857,0.9357142857142857
5,0.2409704758652619,0.775,0.9285714285714286
