epoch,cos_dist,top1_acc,top3_acc
0,0.3354573679821832,0.6678571428571428,0.9107142857142857
1,0.29700392399515424,0.7678571428571429,0.925
2,0.2864836571472032,0.7857142857142857,0.9535714285714286
3,0.2911864785211427,0.7892857142857143,0.9392857142857143
4,0.3000968505229269,0.7821428571428571,0.9464285714285714
5,0.30901968127914836,0.775,0.9285714285714286
