epoch,cos_dist,top1_acc,top3_acc
0,0.3354573679821832,0.6678571428571428,0.9107142857142857
1,0.26542217188647815,0.7678571428571429,0.9464285714285714
2,0.277853922439473,0.7392857142857143,0.9142857142857143
3,0.28593759015202524,0.75,0.9464285714285714
4,0.28862062181745257,0.75,0.9321428571428572
5,0.29706484962786944,0.6928571428571428,0.8714285714285714
