epoch,cos_dist,top1_acc,top3_acc
0,0.3354573679821832,0.6678571428571428,0.9107142857142857
1,0.23552084288426808,0.7642857142857142,0.9357142857142857
2,0.23752031177282334,0.7464285714285714,0.9285714285714286
3,0.24131573417357036,0.7428571428571429,0.9321428571428572
4,0.24591459408402444,0.7428571428571429,0.9214285714285714
5,0.24369754493236542,0.7464285714285714,0.9071428571428571
