epoch,cos_dist,top1_acc,top3_acc
0,0.3354573679821832,0.6678571428571428,0.9107142857142857
1,0.27246103339961597,0.7678571428571429,0.9428571428571428
2,0.2512248813041619,0.7857142857142857,0.95
3,0.2498363864208971,0.7785714285714286,0.9464285714285714
4,0.2533171826175281,0.7964285714285714,0.9392857142857143
5,0.2567866495677403,0.7785714285714286,0.9428571428571428
