epoch,cos_dist,top1_acc,top3_acc
0,0.3354573679821832,0.6678571428571428,0.9107142857142857
1,0.29424031696149283,0.7785714285714286,0.9464285714285714
2,0.2850574918091297,0.775,0.95
3,0.28907597873892105,0.7928571428571428,0.9464285714285714
4,0.3000533721276692,0.7821428571428571,0.9428571428571428
5,0.3087368526629039,0.7857142857142857,0.9357142857142857
