epoch,cos_dist,top1_acc,top3_acc
0,0.3354573679821832,0.6678571428571428,0.9107142857142857
1,0.29393879473209383,0.7821428571428571,0.9464285714285714
2,0.286908563545772,0.7821428571428571,0.9535714285714286
3,0.2925551435777119,0.7928571428571428,0.9428571428571428
4,0.3014079472848347,0.7857142857142857,0.9428571428571428
5,0.3117874415857451,0.7714285714285715,0.9357142857142857
