epoch,cos_dist,top1_acc,top3_acc
0,0.3354573679821832,0.6678571428571428,0.9107142857142857
1,0.29582265338727404,0.7785714285714286,0.9392857142857143
2,0.2867857543485505,0.7678571428571429,0.9464285714285714
3,0.29012211827295165,0.7928571428571428,0.95
4,0.3018669747880527,0.7571428571428571,0.9321428571428572
5,0.31008556272302357,0.7928571428571428,0.95
