epoch,cos_dist,top1_acc,top3_acc
0,0.3354573679821832,0.6678571428571428,0.9107142857142857
1,0.25326536744832995,0.7714285714285715,0.9535714285714286
2,0.25144939231021063,0.7571428571428571,0.9464285714285714
3,0.2617699760411467,0.75,0.9142857142857143
4,0.26334173189742227,0.7714285714285715,0.9178571428571428
5,0.26256086038691656,0.7678571428571429,0.9107142857142857
