epoch,cos_dist,top1_acc,top3_acc
0,0.3354573679821832,0.6678571428571428,0.9107142857142857
1,0.27328046868954387,0.7535714285714286,0.9357142857142857
2,0.2510693646967411,0.7892857142857143,0.9392857142857143
3,0.24909019246697425,0.7821428571428571,0.95
4,0.25205685826284546,0.7857142857142857,0.9464285714285714
5,0.25682583387408936,0.775,0.9392857142857143
