epoch,cos_dist,top1_acc,top3_acc
0,0.3354573679821832,0.6678571428571428,0.9107142857142857
1,0.29702930163059915,0.75,0.9357142857142857
2,0.2878479248711041,0.7714285714285715,0.9357142857142857
3,0.2930693390113967,0.7857142857142857,0.9464285714285714
4,0.30129011496901514,0.775,0.9357142857142857
5,0.3115571669169835,0.7714285714285715,0.9285714285714286
