epoch,cos_dist,top1_acc,top3_acc
0,0.3354573679821832,0.6678571428571428,0.9107142857142857
1,0.24084756991692952,0.7571428571428571,0.95
2,0.23845014604074613,0.7535714285714286,0.9321428571428572
3,0.24343288604702268,0.7642857142857142,0.9357142857142857
4,0.24447507155793055,0.7392857142857143,0.9357142857142857
5,0.24455948365586144,0.7392857142857143,0.9285714285714286
