epoch,cos_dist,top1_acc,top3_acc
0,0.3354573679821832,0.6678571428571428,0.9107142857142857
1,0.26722006659422604,0.75,0.9321428571428572
2,0.2774483606219292,0.75,0.9357142857142857
3,0.2843032974217619,0.7178571428571429,0.9178571428571428
4,0.2876287222972938,0.7428571428571429,0.9142857142857143
5,0.29401687351720673,0.75,0.9071428571428571
