epoch,cos_dist,top1_acc,top3_acc
0,0.3354573679821832,0.6678571428571428,0.9107142857142857
1,0.2547630886946406,0.7714285714285715,0.9428571428571428
2,0.2519103652664593,0.7464285714285714,0.9357142857142857
3,0.2567592609141554,0.75,0.9285714285714286
4,0.2630550555884838,0.7464285714285714,0.9107142857142857
5,0.26584296290363585,0.7607142857142857,0.9178571428571428
