epoch,cos_dist,top1_acc,top3_acc
0,0.3354573679821832,0.6678571428571428,0.9107142857142857
1,0.2723850166159017,0.7535714285714286,0.9285714285714286
2,0.2609814312841211,0.8035714285714286,0.95
3,0.2690148526004383,0.7928571428571428,0.925
4,0.2761194088629314,0.7428571428571429,0.9285714285714286
5,0.27878823887024606,0.7821428571428571,0.9357142857142857
