epoch,cos_dist,top1_acc,top3_acc
0,0.3354573679821832,0.6678571428571428,0.9107142857142857
1,0.2954352143619742,0.7642857142857142,0.9321428571428572
2,0.2857817863779409,0.7821428571428571,0.9464285714285714
3,0.2905233944100993,0.8,0.95
4,0.30101456588932446,0.7928571428571428,0.9392857142857143
5,0.31102036259004046,0.7678571428571429,0.9464285714285714
