epoch,cos_dist,top1_acc,top3_acc
0,0.3354573679821832,0.6678571428571428,0.9107142857142857
1,0.2645518156034606,0.7357142857142858,0.9321428571428572
2,0.27414254429084917,0.7571428571428571,0.9214285714285714
3,0.2825898114059653,0.7535714285714286,0.9464285714285714
4,0.28770849076764926,0.7392857142857143,0.925
5,0.2908348423029695,0.7428571428571429,0.9285714285714286
