epoch,cos_dist,top1_acc,top3_acc
0,0.3354573679821832,0.6678571428571428,0.9107142857142857
1,0.23632985917585236,0.7571428571428571,0.925
2,0.23726958983710833,0.75,0.9357142857142857
3,0.24270978697708676,0.7464285714285714,0.9214285714285714
4,0.2445011841399329,0.7464285714285714,0.9178571428571428
5,0.24434997673545564,0.725,0.9142857142857143
