epoch,cos_dist,top1_acc,top3_acc
0,0.3354573679821832,0.6678571428571428,0.9107142857142857
1,0.2349957138299942,0.7607142857142857,0.95
2,0.23999429877315248,0.7535714285714286,0.9035714285714286
3,0.24508401070322308,0.7321428571428571,0.9178571428571428
4,0.2409096614590713,0.7428571428571429,0.9142857142857143
5,0.24037759761725153,0.7607142857142857,0.9071428571428571
