epoch,cos_dist,top1_acc,top3_acc
0,0.3354573679821832,0.6678571428571428,0.9107142857142857
1,0.2980405854327338,0.7357142857142858,0.9214285714285714
2,0.28729542823774473,0.7714285714285715,0.9357142857142857
3,0.2914704687893391,0.7785714285714286,0.95
4,0.29897798054984637,0.7964285714285714,0.95
5,0.30972654915281705,0.7928571428571428,0.95
