epoch,cos_dist,top1_acc,top3_acc
0,0.3354573679821832,0.6678571428571428,0.9107142857142857
1,0.2803158706852368,0.75,0.9321428571428572
2,0.2841073006391525,0.8,0.9321428571428572
3,0.299612416859184,0.7357142857142858,0.9285714285714286
4,0.3101224649165358,0.7642857142857142,0.9321428571428572
5,0.31359258070588114,0.7392857142857143,0.9428571428571428
