epoch,cos_dist,top1_acc,top3_acc
0,0.3354573679821832,0.6678571428571428,0.9107142857142857
1,0.2700050450861454,0.7535714285714286,0.9392857142857143
2,0.2623135876442705,0.7535714285714286,0.95
3,0.2671649700828961,0.7892857142857143,0.9321428571428572
4,0.2736899582403047,0.8,0.9464285714285714
5,0.27900428122707777,0.775,0.9392857142857143
