epoch,cos_dist,top1_acc,top3_acc
0,0.3354573679821832,0.6678571428571428,0.9107142857142857
1,0.2705524546759469,0.7785714285714286,0.9464285714285714
2,0.2615476621048791,0.7857142857142857,0.9464285714285714
3,0.26772763090474266,0.7571428571428571,0.925
4,0.2747777651463236,0.7785714285714286,0.9357142857142857
5,0.2806732526847294,0.7571428571428571,0.9142857142857143
