epoch,cos_dist,top1_acc,top3_acc
0,0.3354573679821832,0.6678571428571428,0.9107142857142857
1,0.23473689832857678,0.7785714285714286,0.9357142857142857
2,0.23533734530210496,0.7892857142857143,0.9178571428571428
3,0.23972736362900052,0.7392857142857143,0.925
4,0.2392361841031483,0.7857142857142857,0.9392857142857143
5,0.24062551707029342,0.7678571428571429,0.9357142857142857
