epoch,cos_dist,top1_acc,top3_acc
0,0.3354573679821832,0.6678571428571428,0.9107142857142857
1,0.26803327075072697,0.7571428571428571,0.9357142857142857
2,0.2766688581023897,0.775,0.9285714285714286
3,0.2878420861704009,0.7357142857142858,0.8964285714285715
4,0.2903314244534288,0.7357142857142858,0.9142857142857143
5,0.2897867240011692,0.7464285714285714,0.9428571428571428
