epoch,cos_dist,top1_acc,top3_acc
0,0.3354573679821832,0.6678571428571428,0.9107142857142857
1,0.2704494862684182,0.7892857142857143,0.95
2,0.26242763378790446,0.7785714285714286,0.9464285714285714
3,0.26825038279805863,0.7821428571428571,0.9321428571428572
4,0.27345089060919625,0.7785714285714286,0.9321428571428572
5,0.2785173053187983,0.7642857142857142,0.9214285714285714
