epoch,cos_dist,top1_acc,top3_acc
0,0.3354573679821832,0.6678571428571428,0.9107142857142857
1,0.29607333221605847,0.7821428571428571,0.9214285714285714
2,0.28746040537953377,0.75,0.9535714285714286
3,0.2912306569516659,0.7821428571428571,0.925
4,0.3005009401057448,0.7928571428571428,0.9357142857142857
5,0.3087691885020052,0.7857142857142857,0.95
