epoch,cos_dist,top1_acc,top3_acc
0,0.3354573679821832,0.6678571428571428,0.9107142857142857
1,0.2544672891497612,0.7785714285714286,0.9392857142857143
2,0.25145097353628704,0.7785714285714286,0.9357142857142857
3,0.2558909663132259,0.7821428571428571,0.9321428571428572
4,0.25922655441931314,0.775,0.9321428571428572
5,0.26119192466139796,0.7642857142857142,0.9357142857142857
