epoch,cos_dist,top1_acc,top3_acc
0,0.3354573679821832,0.6678571428571428,0.9107142857142857
1,0.2948477275669575,0.7714285714285715,0.9392857142857143
2,0.28558166484747616,0.7857142857142857,0.9535714285714286
3,0.29033769443631174,0.7821428571428571,0.9464285714285714
4,0.29933902163590703,0.7714285714285715,0.9321428571428572
5,0.3100136387561049,0.7785714285714286,0.9357142857142857
