epoch,cos_dist,top1_acc,top3_acc
0,0.3354573679821832,0.6678571428571428,0.9107142857142857
1,0.2481461369565555,0.7607142857142857,0.9214285714285714
2,0.25000492068273683,0.7642857142857142,0.9107142857142857
3,0.25110768090401375,0.775,0.925
4,0.2519053430429527,0.8035714285714286,0.9214285714285714
5,0.25772171105657304,0.7357142857142858,0.9178571428571428
