epoch,cos_dist,top1_acc,top3_acc
0,0.3354573679821832,0.6678571428571428,0.9107142857142857
1,0.2669609301856586,0.7571428571428571,0.9214285714285714
2,0.27519326880574224,0.75,0.9321428571428572
3,0.28602431863546374,0.7178571428571429,0.9285714285714286
4,0.28861900717020034,0.7428571428571429,0.9214285714285714
5,0.2953432764325823,0.7392857142857143,0.9107142857142857
