epoch,cos_dist,top1_acc,top3_acc
0,0.3354573679821832,0.6678571428571428,0.9107142857142857
1,0.23288539701274463,0.7785714285714286,0.9464285714285714
2,0.23793989260281836,0.7642857142857142,0.925
3,0.24030301741191318,0.7642857142857142,0.9321428571428572
4,0.2404433898627758,0.7357142857142858,0.9321428571428572
5,0.24287648828966277,0.7607142857142857,0.9214285714285714
