epoch,cos_dist,top1_acc,top3_acc
0,0.3354573679821832,0.6678571428571428,0.9107142857142857
1,0.2798643545380661,0.7857142857142857,0.9392857142857143
2,0.28808759216751373,0.7821428571428571,0.9357142857142857
3,0.3019974885242326,0.7464285714285714,0.9178571428571428
4,0.31113048366137913,0.75,0.9214285714285714
5,0.3152151681482792,0.7642857142857142,0.9178571428571428
