epoch,cos_dist,top1_acc,top3_acc
0,0.3354573679821832,0.6678571428571428,0.9107142857142857
1,0.24027852575693812,0.7678571428571429,0.9464285714285714
2,0.2373120004577296,0.775,0.9357142857142857
3,0.24091832925166404,0.7964285714285714,0.9464285714285714
4,0.24200907477310726,0.775,0.925
5,0.24220340443508967,0.7857142857142857,0.9357142857142857
