epoch,cos_dist,top1_acc,top3_acc
0,0.3354573679821832,0.6678571428571428,0.9107142857142857
1,0.2551620260945388,0.7571428571428571,0.9392857142857143
2,0.25258086313094413,0.7714285714285715,0.9321428571428572
3,0.25752586381775994,0.7714285714285715,0.9357142857142857
4,0.26101613310830935,0.7678571428571429,0.925
5,0.26189761725919586,0.7714285714285715,0.9428571428571428
