epoch,cos_dist,top1_acc,top3_acc
0,0.3354573679821832,0.6678571428571428,0.9107142857142857
1,0.2740192674100399,0.7642857142857142,0.9428571428571428
2,0.25133905996169364,0.7928571428571428,0.95
3,0.25011505292994635,0.775,0.9464285714285714
4,0.2534818395972252,0.7821428571428571,0.9321428571428572
5,0.25752607051815307,0.7642857142857142,0.9321428571428572
