epoch,cos_dist,top1_acc,top3_acc
0,0.3354573679821832,0.6678571428571428,0.9107142857142857
1,0.2812605020190988,0.7535714285714286,0.9428571428571428
2,0.28654225351555007,0.7642857142857142,0.9321428571428572
3,0.2989512943795749,0.7642857142857142,0.9571428571428572
4,0.31128420776554516,0.7535714285714286,0.9392857142857143
5,0.3186876642916884,0.7392857142857143,0.8892857142857142
