epoch,cos_dist,top1_acc,top3_acc
0,0.3354573679821832,0.6678571428571428,0.9107142857142857
1,0.24772592346583094,0.7392857142857143,0.9428571428571428
2,0.24930988773703575,0.7357142857142858,0.9107142857142857
3,0.25314280614256857,0.7678571428571429,0.9357142857142857
4,0.2505931793579033,0.7678571428571429,0.9178571428571428
5,0.2568630864577634,0.75,0.9178571428571428
