epoch,cos_dist,top1_acc,top3_acc
0,0.3354573679821832,0.6678571428571428,0.9107142857142857
1,0.29667870796152523,0.7607142857142857,0.925
2,0.2869399461363043,0.7821428571428571,0.9428571428571428
3,0.2899854054408414,0.7964285714285714,0.95
4,0.29975402003952434,0.8035714285714286,0.9428571428571428
5,0.3090157868606704,0.7964285714285714,0.9464285714285714
