epoch,cos_dist,top1_acc,top3_acc
0,0.3354573679821832,0.6678571428571428,0.9107142857142857
1,0.2950065676655088,0.7821428571428571,0.9357142857142857
2,0.28684428174580845,0.7892857142857143,0.9464285714285714
3,0.29091372575078694,0.7821428571428571,0.9428571428571428
4,0.29931839821594103,0.7892857142857143,0.9357142857142857
5,0.30968249855296953,0.7928571428571428,0.9357142857142857
