epoch,cos_dist,top1_acc,top3_acc
0,0.3354573679821832,0.6678571428571428,0.9107142857142857
1,0.296094196076904,0.7535714285714286,0.9428571428571428
2,0.2861537466091769,0.775,0.9535714285714286
3,0.29054058758275847,0.7857142857142857,0.9535714285714286
4,0.29971674095307077,0.7821428571428571,0.9464285714285714
5,0.31132462194987703,0.775,0.9392857142857143
