epoch,cos_dist,top1_acc,top3_acc
0,0.3354573679821832,0.6678571428571428,0.9107142857142857
1,0.24068513086863927,0.7607142857142857,0.925
2,0.23499092566115515,0.8035714285714286,0.9392857142857143
3,0.23870384948594228,0.7535714285714286,0.9142857142857143
4,0.24117452257445882,0.7535714285714286,0.925
5,0.24281731152108738,0.7642857142857142,0.9285714285714286
