epoch,cos_dist,top1_acc,top3_acc
0,0.3354573679821832,0.6678571428571428,0.9107142857142857
1,0.2793112941086292,0.7857142857142857,0.9464285714285714
2,0.28944785754595487,0.7607142857142857,0.9392857142857143
3,0.30105309167078564,0.7714285714285715,0.9321428571428572
4,0.3122938229569367,0.7642857142857142,0.9321428571428572
5,0.3172406711748668,0.7285714285714285,0.925
