epoch,cos_dist,top1_acc,top3_acc
0,0.3354573679821832,0.6678571428571428,0.9107142857142857
1,0.2819804217134203,0.7714285714285715,0.9392857142857143
2,0.2878749324807099,0.7428571428571429,0.9357142857142857
3,0.30278019085526464,0.7178571428571429,0.925
4,0.30715331381985117,0.75,0.9321428571428572
5,0.3158518899764333,0.7392857142857143,0.9285714285714286
