epoch,cos_dist,top1_acc,top3_acc
0,0.3354573679821832,0.6678571428571428,0.9107142857142857
1,0.27789523218359263,0.7785714285714286,0.9642857142857143
2,0.287930550213371,0.7535714285714286,0.925
3,0.297672452884061,0.7821428571428571,0.9357142857142857
4,0.30862104935305457,0.775,0.9214285714285714
5,0.31840624873127255,0.7714285714285715,0.9142857142857143
