epoch,cos_dist,top1_acc,top3_acc
0,0.3354573679821832,0.6678571428571428,0.9107142857142857
1,0.253847948461771,0.7607142857142857,0.9392857142857143
2,0.2506577770624842,0.7857142857142857,0.9357142857142857
3,0.2568625909941537,0.7678571428571429,0.9357142857142857
4,0.2615507123725755,0.7678571428571429,0.9285714285714286
5,0.2621593248631273,0.7392857142857143,0.9285714285714286
