epoch,cos_dist,top1_acc,top3_acc
0,0.3354573679821832,0.6678571428571428,0.9107142857142857
1,0.28056508749723436,0.7642857142857142,0.9357142857142857
2,0.2900446683168411,0.7535714285714286,0.9392857142857143
3,0.30240882741553443,0.7535714285714286,0.9321428571428572
4,0.3098402057375227,0.7607142857142857,0.9071428571428571
5,0.31339168112192833,0.7642857142857142,0.9321428571428572
