epoch,cos_dist,top1_acc,top3_acc
0,0.3354573679821832,0.6678571428571428,0.9107142857142857
1,0.24496061386806625,0.7571428571428571,0.9428571428571428
2,0.24639588637011392,0.7714285714285715,0.9464285714285714
3,0.2528237945267132,0.7571428571428571,0.9285714285714286
4,0.25417795074837546,0.75,0.9357142857142857
5,0.2555269188114575,0.75,0.9285714285714286
