epoch,cos_dist,top1_acc,top3_acc
0,0.3354573679821832,0.6678571428571428,0.9107142857142857
1,0.2793638416699001,0.7642857142857142,0.9428571428571428
2,0.28842870593070985,0.7428571428571429,0.9178571428571428
3,0.3052178975726877,0.7285714285714285,0.9142857142857143
4,0.311404940698828,0.7464285714285714,0.9214285714285714
5,0.3157993908439364,0.75,0.9214285714285714
