epoch,cos_dist,top1_acc,top3_acc
0,0.3354573679821832,0.6678571428571428,0.9107142857142857
1,0.2545875711100442,0.7678571428571429,0.9392857142857143
2,0.2539409463959081,0.7464285714285714,0.9428571428571428
3,0.25978243138108936,0.7464285714285714,0.925
4,0.26363021550433974,0.7428571428571429,0.9214285714285714
5,0.2644506564097745,0.7535714285714286,0.925
