epoch,cos_dist,top1_acc,top3_acc
0,0.3354573679821832,0.6678571428571428,0.9107142857142857
1,0.2686582373721259,0.7464285714285714,0.9357142857142857
2,0.2746371756706919,0.775,0.9428571428571428
3,0.28853941059538296,0.7178571428571429,0.9071428571428571
4,0.28990535948957713,0.7357142857142858,0.9071428571428571
5,0.2906722688249179,0.7321428571428571,0.925
