epoch,cos_dist,top1_acc,top3_acc
0,0.3354573679821832,0.6678571428571428,0.9107142857142857
1,0.27050536274909975,0.775,0.9535714285714286
2,0.2622978454189641,0.7678571428571429,0.9392857142857143
3,0.26733908067856516,0.7892857142857143,0.925
4,0.2735394953617028,0.7785714285714286,0.9285714285714286
5,0.27937221388731687,0.7714285714285715,0.9285714285714286
