epoch,cos_dist,top1_acc,top3_acc
0,0.3354573679821832,0.6678571428571428,0.9107142857142857
1,0.27335828681077273,0.7642857142857142,0.9428571428571428
2,0.2511477021234376,0.7821428571428571,0.9357142857142857
3,0.2491518596453326,0.7678571428571429,0.95
4,0.25288304846201626,0.7821428571428571,0.9535714285714286
5,0.2557020684438092,0.7714285714285715,0.9428571428571428
