epoch,cos_dist,top1_acc,top3_acc
0,0.3354573679821832,0.6678571428571428,0.9107142857142857
1,0.2327712961605617,0.7785714285714286,0.9428571428571428
2,0.23470223152211733,0.7428571428571429,0.9321428571428572
3,0.2431173786520958,0.75,0.9107142857142857
4,0.24205093096409525,0.75,0.9214285714285714
5,0.24379659571817944,0.7642857142857142,0.925
