epoch,cos_dist,top1_acc,top3_acc
0,0.3354573679821832,0.6678571428571428,0.9107142857142857
1,0.2532157221010753,0.7428571428571429,0.9392857142857143
2,0.25040960482188634,0.7714285714285715,0.9357142857142857
3,0.2610208228230476,0.7464285714285714,0.9285714285714286
4,0.26389579453638623,0.7321428571428571,0.9321428571428572
5,0.26489590448992595,0.7392857142857143,0.9321428571428572
