epoch,cos_dist,top1_acc,top3_acc
0,0.3354573679821832,0.6678571428571428,0.9107142857142857
1,0.2413689325962748,0.7642857142857142,0.9428571428571428
2,0.23626732624002866,0.75,0.9357142857142857
3,0.240912783571652,0.7535714285714286,0.925
4,0.24291828689830644,0.7571428571428571,0.9285714285714286
5,0.2429836543542998,0.7571428571428571,0.9321428571428572
