epoch,cos_dist,top1_acc,top3_acc
0,0.3354573679821832,0.6678571428571428,0.9107142857142857
1,0.23413742035627366,0.7678571428571429,0.9392857142857143
2,0.23836132947887692,0.7535714285714286,0.9214285714285714
3,0.23944838355694498,0.7571428571428571,0.9178571428571428
4,0.23977780384676797,0.7642857142857142,0.9357142857142857
5,0.24188625429357802,0.7392857142857143,0.925
