epoch,cos_dist,top1_acc,top5_acc
0,0.4172434131304423,0.3083333333333333,0.6916666666666667
1,0.2196387896935145,0.5,0.925
2,0.13712104161580405,0.6583333333333333,0.95
3,0.11815499315659204,0.65,0.9583333333333334
4,0.11532440235217413,0.7083333333333334,0.9583333333333334
5,0.11530230045318605,0.7,0.9583333333333334
6,0.1155427540342013,0.7,0.95
7,0.11569916854302087,0.6916666666666667,0.95
8,0.11577838460604348,0.675,0.95
9,0.11581547011931738,0.675,0.95
10,0.11583228955666225,0.675,0.95
