epoch,cos_dist,top1_acc,top3_acc
0,0.3354573679821832,0.6678571428571428,0.9107142857142857
1,0.23306083594049726,0.7642857142857142,0.95
2,0.2397974729537964,0.7678571428571429,0.9464285714285714
3,0.24242057278752327,0.75,0.9142857142857143
4,0.2445363625884056,0.7321428571428571,0.9035714285714286
5,0.24048484223229544,0.7321428571428571,0.925
