epoch,cos_dist,top1_acc,top3_acc
0,0.3354573679821832,0.6678571428571428,0.9107142857142857
1,0.27282282742006436,0.775,0.9357142857142857
2,0.251282054398741,0.7821428571428571,0.9428571428571428
3,0.24891849756240844,0.7821428571428571,0.95
4,0.2527727143040725,0.775,0.9357142857142857
5,0.25704950530614173,0.7821428571428571,0.9357142857142857
