epoch,cos_dist,top1_acc,top3_acc
0,0.3354573679821832,0.6678571428571428,0.9107142857142857
1,0.24125545120665004,0.7607142857142857,0.9321428571428572
2,0.23388966055853025,0.7857142857142857,0.9321428571428572
3,0.2392452064369406,0.7607142857142857,0.9357142857142857
4,0.24381834651742662,0.7607142857142857,0.9321428571428572
5,0.24216895954949516,0.7714285714285715,0.9214285714285714
