epoch,cos_dist,top1_acc,top3_acc
0,0.3354573679821832,0.6678571428571428,0.9107142857142857
1,0.27335963557873455,0.7607142857142857,0.9321428571428572
2,0.2510913249637399,0.7821428571428571,0.95
3,0.2500181756913662,0.7785714285714286,0.9392857142857143
4,0.25426025933453017,0.7678571428571429,0.9321428571428572
5,0.2569033270435674,0.7964285714285714,0.9392857142857143
