epoch,cos_dist,top1_acc,top3_acc
0,0.3354573679821832,0.6678571428571428,0.9107142857142857
1,0.28155794399125234,0.7392857142857143,0.9464285714285714
2,0.2886862315237522,0.7464285714285714,0.9
3,0.3046783630337034,0.7392857142857143,0.9214285714285714
4,0.31173418845449175,0.7428571428571429,0.925
5,0.3189372111644064,0.7678571428571429,0.9392857142857143
