epoch,cos_dist,top1_acc,top3_acc
0,0.3354573679821832,0.6678571428571428,0.9107142857142857
1,0.2663783160703523,0.7571428571428571,0.9464285714285714
2,0.2740101829171181,0.7607142857142857,0.9285714285714286
3,0.2860252463391849,0.7357142857142858,0.9107142857142857
4,0.2902433854128633,0.7321428571428571,0.925
5,0.29033229893871715,0.7428571428571429,0.9178571428571428
