epoch,cos_dist,top1_acc,top3_acc
0,0.3354573679821832,0.6678571428571428,0.9107142857142857
1,0.2673739564205919,0.7535714285714286,0.9142857142857143
2,0.27374299455966267,0.775,0.925
3,0.28587986454367637,0.7464285714285714,0.9107142857142857
4,0.29405377358198165,0.725,0.925
5,0.2904105689908777,0.7,0.9071428571428571
