epoch,cos_dist,top1_acc,top3_acc
0,0.3354573679821832,0.6678571428571428,0.9107142857142857
1,0.2683513100658144,0.7357142857142858,0.925
2,0.2785209341772965,0.7035714285714286,0.9142857142857143
3,0.288854622308697,0.7071428571428572,0.9071428571428571
4,0.2879740611783096,0.7357142857142858,0.9142857142857143
5,0.290087252003806,0.7535714285714286,0.8857142857142857
