epoch,cos_dist,top1_acc,top3_acc
0,0.3354573679821832,0.6678571428571428,0.9107142857142857
1,0.2732872588293893,0.7642857142857142,0.9357142857142857
2,0.2509352026241166,0.7821428571428571,0.95
3,0.24831172004342078,0.775,0.9464285714285714
4,0.25243371331265996,0.7857142857142857,0.9321428571428572
5,0.2578097455203533,0.7821428571428571,0.9357142857142857
