epoch,cos_dist,top1_acc,top3_acc
0,0.3354573679821832,0.6678571428571428,0.9107142857142857
1,0.2695885125015463,0.7642857142857142,0.9535714285714286
2,0.26127455117447035,0.7785714285714286,0.9285714285714286
3,0.26830019663487165,0.775,0.9464285714285714
4,0.274163438805512,0.775,0.9357142857142857
5,0.2797567190868514,0.7571428571428571,0.925
