epoch,cos_dist,top1_acc,top3_acc
0,0.3354573679821832,0.6678571428571428,0.9107142857142857
1,0.2557192802429199,0.7642857142857142,0.9392857142857143
2,0.2524943362389292,0.7571428571428571,0.9428571428571428
3,0.2591304019093513,0.7535714285714286,0.9321428571428572
4,0.26312583706208637,0.7535714285714286,0.9321428571428572
5,0.2642080948821136,0.7428571428571429,0.9214285714285714
