epoch,cos_dist,top1_acc,top3_acc
0,0.3354573679821832,0.6678571428571428,0.9107142857142857
1,0.25660363510251044,0.7607142857142857,0.9285714285714286
2,0.252196497044393,0.7857142857142857,0.9321428571428572
3,0.2557819862450872,0.7571428571428571,0.9321428571428572
4,0.26248256947313037,0.7535714285714286,0.9285714285714286
5,0.2647525028458663,0.7571428571428571,0.9321428571428572
