epoch,cos_dist,top1_acc,top3_acc
0,0.3354573679821832,0.6678571428571428,0.9107142857142857
1,0.2965720605637346,0.7607142857142857,0.925
2,0.2865674463765962,0.7785714285714286,0.9321428571428572
3,0.2922350203352315,0.775,0.9464285714285714
4,0.3009235558765275,0.7857142857142857,0.95
5,0.3078719487147672,0.7714285714285715,0.9428571428571428
