epoch,cos_dist,top1_acc,top3_acc
0,0.3354573679821832,0.6678571428571428,0.9107142857142857
1,0.2956386887601444,0.7464285714285714,0.9428571428571428
2,0.2861648539347308,0.775,0.9428571428571428
3,0.29006813008870397,0.7892857142857143,0.9535714285714286
4,0.3004324501114232,0.7785714285714286,0.9428571428571428
5,0.3104605956801346,0.7857142857142857,0.9464285714285714
