epoch,cos_dist,top1_acc,top3_acc
0,0.3354573679821832,0.6678571428571428,0.9107142857142857
1,0.27876867428421975,0.7607142857142857,0.9464285714285714
2,0.28730416372418405,0.7821428571428571,0.9464285714285714
3,0.3017837370080607,0.7607142857142857,0.925
4,0.30934615124549186,0.7392857142857143,0.9178571428571428
5,0.3178360801722322,0.7321428571428571,0.8964285714285715
