epoch,cos_dist,top1_acc,top3_acc
0,0.3354573679821832,0.6678571428571428,0.9107142857142857
1,0.2672215749110494,0.7428571428571429,0.9357142857142857
2,0.2785449203635965,0.7392857142857143,0.9214285714285714
3,0.2871172138622829,0.7071428571428572,0.9142857142857143
4,0.2859447553753853,0.7357142857142858,0.9214285714285714
5,0.29505359147276194,0.7357142857142858,0.8928571428571429
