epoch,cos_dist,top1_acc,top3_acc
0,0.3354573679821832,0.6678571428571428,0.9107142857142857
1,0.27062088549137114,0.7857142857142857,0.9535714285714286
2,0.2614704466291836,0.7785714285714286,0.9428571428571428
3,0.26775835603475573,0.7714285714285715,0.9357142857142857
4,0.2756136004413877,0.7607142857142857,0.9178571428571428
5,0.2788917508508478,0.7785714285714286,0.9214285714285714
