epoch,cos_dist,top1_acc,top3_acc
0,0.3354573679821832,0.6678571428571428,0.9107142857142857
1,0.27186135394232613,0.7464285714285714,0.9357142857142857
2,0.2617071928722518,0.7642857142857142,0.9428571428571428
3,0.2690032965370587,0.7607142857142857,0.9392857142857143
4,0.27519398416791646,0.775,0.9321428571428572
5,0.28037745292697636,0.7607142857142857,0.9178571428571428
