epoch,cos_dist,top1_acc,top3_acc
0,0.3354573679821832,0.6678571428571428,0.9107142857142857
1,0.24961389462862696,0.7607142857142857,0.9321428571428572
2,0.2505212679505348,0.7714285714285715,0.9392857142857143
3,0.25607836374214715,0.725,0.9107142857142857
4,0.25847138911485673,0.7321428571428571,0.9071428571428571
5,0.2568057755274432,0.7535714285714286,0.9285714285714286
