epoch,cos_dist,top1_acc,top3_acc
0,0.3354573679821832,0.6678571428571428,0.9107142857142857
1,0.26717013652835575,0.7392857142857143,0.9071428571428571
2,0.2752627267369202,0.7321428571428571,0.9285714285714286
3,0.2831398562661239,0.7607142857142857,0.9142857142857143
4,0.28672868556209974,0.7678571428571429,0.925
5,0.28845677876046727,0.7428571428571429,0.9285714285714286
