epoch,cos_dist,top1_acc,top3_acc
0,0.3354573679821832,0.6678571428571428,0.9107142857142857
1,0.2727532040859972,0.7607142857142857,0.9321428571428572
2,0.2629190021327564,0.7535714285714286,0.9428571428571428
3,0.2695120866809573,0.75,0.9392857142857143
4,0.27514096264328275,0.7642857142857142,0.9392857142857143
5,0.2797975791352136,0.7321428571428571,0.9035714285714286
