epoch,cos_dist,top1_acc,top3_acc
0,0.3354573679821832,0.6678571428571428,0.9107142857142857
1,0.23441376366785593,0.7785714285714286,0.9464285714285714
2,0.23759973017232758,0.7285714285714285,0.9392857142857143
3,0.24256393685936928,0.7464285714285714,0.9214285714285714
4,0.2437779058303152,0.7285714285714285,0.9321428571428572
5,0.241008126948561,0.7642857142857142,0.9285714285714286
