epoch,cos_dist,top1_acc,top3_acc
0,0.3354573679821832,0.6678571428571428,0.9107142857142857
1,0.24949073365756444,0.75,0.9214285714285714
2,0.24815457314252853,0.7428571428571429,0.9142857142857143
3,0.2544908946113927,0.7535714285714286,0.925
4,0.25552173044000354,0.7392857142857143,0.9285714285714286
5,0.2550815459872995,0.75,0.9285714285714286
