epoch,cos_dist,top1_acc,top3_acc
0,0.3354573679821832,0.6678571428571428,0.9107142857142857
1,0.2732718447489398,0.7642857142857142,0.9392857142857143
2,0.2518087001783507,0.7714285714285715,0.9428571428571428
3,0.24932018624884741,0.7964285714285714,0.9357142857142857
4,0.2524499540882451,0.7928571428571428,0.9357142857142857
5,0.25618071843470847,0.7928571428571428,0.9464285714285714
