epoch,cos_dist,top1_acc,top3_acc
0,0.3354573679821832,0.6678571428571428,0.9107142857142857
1,0.2334097419466291,0.7714285714285715,0.9464285714285714
2,0.2331613128738744,0.7821428571428571,0.9321428571428572
3,0.24131022276622907,0.7607142857142857,0.9214285714285714
4,0.24355410475816044,0.7714285714285715,0.9285714285714286
5,0.23999749145337512,0.75,0.9142857142857143
