epoch,cos_dist,top1_acc,top3_acc
0,0.3354573679821832,0.6678571428571428,0.9107142857142857
1,0.26808473180447306,0.775,0.925
2,0.2742048680782318,0.7571428571428571,0.9428571428571428
3,0.28563703181488176,0.7285714285714285,0.9071428571428571
4,0.2839262313076428,0.7892857142857143,0.9214285714285714
5,0.29253793880343437,0.725,0.9107142857142857
