epoch,cos_dist,top1_acc,top3_acc
0,0.3354573679821832,0.6678571428571428,0.9107142857142857
1,0.27112078932779177,0.775,0.95
2,0.2601941856954779,0.7857142857142857,0.9428571428571428
3,0.2658668980002403,0.775,0.9392857142857143
4,0.27456621676683424,0.7678571428571429,0.9392857142857143
5,0.27862770802208353,0.7678571428571429,0.9142857142857143
