epoch,cos_dist,top1_acc,top3_acc
0,0.3354573679821832,0.6678571428571428,0.9107142857142857
1,0.2731650424855096,0.7821428571428571,0.9392857142857143
2,0.2515113115310669,0.775,0.9464285714285714
3,0.24994619456785067,0.7714285714285715,0.9464285714285714
4,0.2530704699456692,0.7857142857142857,0.9392857142857143
5,0.2565491711454732,0.7892857142857143,0.9321428571428572
