epoch,cos_dist,top1_acc,top3_acc
0,0.3354573679821832,0.6678571428571428,0.9107142857142857
1,0.24035473891666959,0.7642857142857142,0.9321428571428572
2,0.2352572630558695,0.7821428571428571,0.9428571428571428
3,0.23921773401754243,0.775,0.9321428571428572
4,0.24360959136060306,0.7464285714285714,0.9214285714285714
5,0.24575228957193238,0.7571428571428571,0.9107142857142857
