epoch,cos_dist,top1_acc,top3_acc
0,0.3354573679821832,0.6678571428571428,0.9107142857142857
1,0.24291424006223677,0.7428571428571429,0.9321428571428572
2,0.23433917856642178,0.7714285714285715,0.9428571428571428
3,0.23735041064875467,0.7678571428571429,0.9357142857142857
4,0.24220494596021516,0.7392857142857143,0.9214285714285714
5,0.2445810420172555,0.775,0.9285714285714286
