epoch,cos_dist,top1_acc,top3_acc
0,0.3354573679821832,0.6678571428571428,0.9107142857142857
1,0.24474573177950723,0.775,0.9321428571428572
2,0.24688607933265821,0.7642857142857142,0.9571428571428572
3,0.25056622847914695,0.7857142857142857,0.9357142857142857
4,0.25238513009888786,0.7571428571428571,0.9357142857142857
5,0.25423666707107,0.7321428571428571,0.9142857142857143
