epoch,cos_dist,top1_acc,top3_acc
0,0.3354573679821832,0.6678571428571428,0.9107142857142857
1,0.23651531264185904,0.7607142857142857,0.9357142857142857
2,0.24122868297355515,0.7464285714285714,0.9107142857142857
3,0.23811469301581384,0.7785714285714286,0.9214285714285714
4,0.2411890664270946,0.7642857142857142,0.9392857142857143
5,0.24228850613747324,0.7464285714285714,0.9357142857142857
