epoch,cos_dist,top1_acc,top3_acc
0,0.3354573679821832,0.6678571428571428,0.9107142857142857
1,0.23518715585981095,0.7642857142857142,0.9392857142857143
2,0.23953963539430073,0.7535714285714286,0.9178571428571428
3,0.24127905858414514,0.7357142857142858,0.9178571428571428
4,0.24130873435309955,0.7321428571428571,0.925
5,0.24015602841973305,0.7642857142857142,0.9392857142857143
