epoch,cos_dist,top1_acc,top3_acc
0,0.3354573679821832,0.6678571428571428,0.9107142857142857
1,0.24662201000111444,0.75,0.9214285714285714
2,0.2505324634058135,0.7642857142857142,0.9285714285714286
3,0.2568269613598074,0.7535714285714286,0.9142857142857143
4,0.25535679534077643,0.7714285714285715,0.9285714285714286
5,0.2559026173182896,0.7535714285714286,0.9178571428571428
