epoch,cos_dist,top1_acc,top3_acc
0,0.3354573679821832,0.6678571428571428,0.9107142857142857
1,0.2654742584696838,0.75,0.9428571428571428
2,0.2757090784609318,0.7214285714285714,0.9285714285714286
3,0.28124280933822904,0.7785714285714286,0.9214285714285714
4,0.29467516860791615,0.7285714285714285,0.9142857142857143
5,0.294170297895159,0.7357142857142858,0.9178571428571428
