epoch,cos_dist,top1_acc,top3_acc
0,0.3354573679821832,0.6678571428571428,0.9107142857142857
1,0.2389270537665912,0.7714285714285715,0.9357142857142857
2,0.2372518145612308,0.7535714285714286,0.9392857142857143
3,0.23997928595968654,0.8,0.9214285714285714
4,0.2421193781707968,0.7607142857142857,0.9214285714285714
5,0.24261017154370035,0.7642857142857142,0.925
