epoch,cos_dist,top1_acc,top3_acc
0,0.3354573679821832,0.6678571428571428,0.9107142857142857
1,0.2397796788385936,0.75,0.9357142857142857
2,0.23796517178416252,0.775,0.9178571428571428
3,0.2420297303370067,0.7464285714285714,0.9392857142857143
4,0.2423603749700955,0.7571428571428571,0.9178571428571428
5,0.24143091791442461,0.7821428571428571,0.925
