epoch,cos_dist,top1_acc,top3_acc
0,0.3354573679821832,0.6678571428571428,0.9107142857142857
1,0.25445748642086985,0.7857142857142857,0.9571428571428572
2,0.25134614195142474,0.7928571428571428,0.9392857142857143
3,0.2550632665199893,0.7892857142857143,0.9357142857142857
4,0.26318116986325807,0.7571428571428571,0.9178571428571428
5,0.26321813027773583,0.7535714285714286,0.925
