epoch,cos_dist,top1_acc,top3_acc
0,0.3354573679821832,0.6678571428571428,0.9107142857142857
1,0.2729406590972628,0.7714285714285715,0.9357142857142857
2,0.2510150617786816,0.7785714285714286,0.9428571428571428
3,0.24932958409190178,0.7928571428571428,0.9428571428571428
4,0.2521007587867124,0.7785714285714286,0.9464285714285714
5,0.2569528506270477,0.7821428571428571,0.9357142857142857
