epoch,cos_dist,top1_acc,top3_acc
0,0.3354573679821832,0.6678571428571428,0.9107142857142857
1,0.24051909468003682,0.7928571428571428,0.95
2,0.23756846636533738,0.7571428571428571,0.9392857142857143
3,0.239854833483696,0.775,0.9321428571428572
4,0.24111290041889463,0.7678571428571429,0.9321428571428572
5,0.2429113361452307,0.7642857142857142,0.9285714285714286
