epoch,cos_dist,top1_acc,top3_acc
0,0.3354573679821832,0.6678571428571428,0.9107142857142857
1,0.24208950283271927,0.7928571428571428,0.95
2,0.23661141076258252,0.7535714285714286,0.9392857142857143
3,0.24169170068843024,0.7321428571428571,0.9214285714285714
4,0.24283887914248875,0.7428571428571429,0.9214285714285714
5,0.24452266171574594,0.7535714285714286,0.9321428571428572
