epoch,cos_dist,top1_acc,top3_acc
0,0.3354573679821832,0.6678571428571428,0.9107142857142857
1,0.245423452769007,0.7428571428571429,0.9321428571428572
2,0.24957401124494416,0.7642857142857142,0.9
3,0.25492578681026185,0.775,0.9071428571428571
4,0.25622030698827336,0.75,0.9357142857142857
5,0.25510508343577387,0.7821428571428571,0.9178571428571428
