epoch,cos_dist,top1_acc,top3_acc
0,0.3354573679821832,0.6678571428571428,0.9107142857142857
1,0.28206309537802426,0.75,0.9285714285714286
2,0.28886977423514637,0.75,0.9285714285714286
3,0.30013056408081734,0.7607142857142857,0.9464285714285714
4,0.309068239480257,0.7535714285714286,0.9178571428571428
5,0.31803609760744234,0.7285714285714285,0.925
