epoch,cos_dist,top1_acc,top3_acc
0,0.3354573679821832,0.6678571428571428,0.9107142857142857
1,0.24140229587044035,0.7678571428571429,0.9464285714285714
2,0.23721741746578898,0.775,0.9428571428571428
3,0.23915670620543616,0.7714285714285715,0.9392857142857143
4,0.2411645376256534,0.75,0.9285714285714286
5,0.24014239460229875,0.7821428571428571,0.9285714285714286
