epoch,cos_dist,top1_acc,top3_acc
0,0.3354573679821832,0.6678571428571428,0.9107142857142857
1,0.2810968908880438,0.7607142857142857,0.9321428571428572
2,0.28715901949575967,0.7857142857142857,0.9357142857142857
3,0.30127155291182656,0.7464285714285714,0.9357142857142857
4,0.3141705405499254,0.7321428571428571,0.9035714285714286
5,0.3173277410013335,0.7321428571428571,0.9142857142857143
