epoch,cos_dist,top1_acc,top3_acc
0,0.3354573679821832,0.6678571428571428,0.9107142857142857
1,0.28045420071908406,0.7785714285714286,0.9214285714285714
2,0.2852991939655372,0.775,0.9428571428571428
3,0.3004587223487241,0.7785714285714286,0.9285714285714286
4,0.3113206590924944,0.7428571428571429,0.9321428571428572
5,0.31627865540129796,0.7785714285714286,0.9321428571428572
