epoch,cos_dist,top1_acc,top3_acc
0,0.3354573679821832,0.6678571428571428,0.9107142857142857
1,0.251865034869739,0.7857142857142857,0.9428571428571428
2,0.25218368034277644,0.7535714285714286,0.9392857142857143
3,0.2566863188786166,0.7464285714285714,0.925
4,0.25999185591936114,0.7607142857142857,0.9321428571428572
5,0.2632039724716118,0.7892857142857143,0.9214285714285714
