epoch,cos_dist,top1_acc,top3_acc
0,0.3354573679821832,0.6678571428571428,0.9107142857142857
1,0.239028378788914,0.7678571428571429,0.9464285714285714
2,0.23561430360589708,0.7821428571428571,0.9392857142857143
3,0.24206370817763465,0.7464285714285714,0.9321428571428572
4,0.2428937204182148,0.7642857142857142,0.9321428571428572
5,0.242976122881685,0.7678571428571429,0.9285714285714286
