epoch,cos_dist,top1_acc,top3_acc
0,0.3354573679821832,0.6678571428571428,0.9107142857142857
1,0.2545397776578154,0.7785714285714286,0.9535714285714286
2,0.25069867319294387,0.7678571428571429,0.95
3,0.2549083362732615,0.7678571428571429,0.9321428571428572
4,0.25958136479769434,0.7785714285714286,0.9214285714285714
5,0.2620938251061099,0.7678571428571429,0.9357142857142857
