epoch,cos_dist,top1_acc,top3_acc
0,0.3354573679821832,0.6678571428571428,0.9107142857142857
1,0.27331717131393296,0.775,0.9428571428571428
2,0.2517330666737897,0.7928571428571428,0.95
3,0.24988736233540942,0.7928571428571428,0.9464285714285714
4,0.25366833220635143,0.7785714285714286,0.9357142857142857
5,0.2568695232272148,0.7678571428571429,0.9321428571428572
