epoch,cos_dist,top1_acc,top3_acc
0,0.3354573679821832,0.6678571428571428,0.9107142857142857
1,0.2808959681008543,0.7678571428571429,0.9285714285714286
2,0.2888689367898873,0.7357142857142858,0.9071428571428571
3,0.30123486848814146,0.7392857142857143,0.9321428571428572
4,0.3120045760912555,0.7392857142857143,0.9285714285714286
5,0.3162018857896328,0.7321428571428571,0.9142857142857143
