epoch,cos_dist,top1_acc,top3_acc
0,0.3354573679821832,0.6678571428571428,0.9107142857142857
1,0.2543904243835381,0.7642857142857142,0.9464285714285714
2,0.2532846187906606,0.775,0.9285714285714286
3,0.26103560349770955,0.7428571428571429,0.9142857142857143
4,0.2616279209298747,0.7428571428571429,0.9178571428571428
5,0.2633275847349848,0.7535714285714286,0.9285714285714286
