epoch,cos_dist,top1_acc,top3_acc
0,0.3354573679821832,0.6678571428571428,0.9107142857142857
1,0.26596687340310643,0.7607142857142857,0.9357142857142857
2,0.2749920449086598,0.7857142857142857,0.9321428571428572
3,0.28800378431166923,0.75,0.925
4,0.28999832634414946,0.7142857142857143,0.925
5,0.28843000254460743,0.7678571428571429,0.9285714285714286
