epoch,cos_dist,top1_acc,top3_acc
0,0.3354573679821832,0.6678571428571428,0.9107142857142857
1,0.28312288065041813,0.7571428571428571,0.9464285714285714
2,0.2901947692036629,0.7,0.9321428571428572
3,0.2977874653679984,0.7785714285714286,0.95
4,0.3091744465487344,0.7678571428571429,0.9392857142857143
5,0.3165471982743059,0.7607142857142857,0.9071428571428571
