epoch,cos_dist,top1_acc,top3_acc
0,0.3354573679821832,0.6678571428571428,0.9107142857142857
1,0.24374255942446846,0.7714285714285715,0.95
2,0.246402322607381,0.7714285714285715,0.9214285714285714
3,0.2546019407255309,0.7464285714285714,0.9214285714285714
4,0.2575910346848624,0.7392857142857143,0.9035714285714286
5,0.2538582690060139,0.7357142857142858,0.9321428571428572
