epoch,cos_dist,top1_acc,top3_acc
0,0.3354573679821832,0.6678571428571428,0.9107142857142857
1,0.266907133694206,0.7678571428571429,0.925
2,0.2747405188424247,0.7642857142857142,0.9214285714285714
3,0.287692799951349,0.6928571428571428,0.9107142857142857
4,0.2919664659670421,0.6964285714285714,0.9178571428571428
5,0.2910596786865166,0.7464285714285714,0.925
