epoch,cos_dist,top1_acc,top3_acc
0,0.3354573679821832,0.6678571428571428,0.9107142857142857
1,0.26998956693070275,0.7714285714285715,0.9321428571428572
2,0.2630473091134003,0.7678571428571429,0.9357142857142857
3,0.26769402506096024,0.7714285714285715,0.9357142857142857
4,0.27577637040189334,0.7678571428571429,0.9285714285714286
5,0.2793886861630848,0.7678571428571429,0.9321428571428572
