epoch,cos_dist,top1_acc,top3_acc
0,0.3354573679821832,0.6678571428571428,0.9107142857142857
1,0.2532531084758895,0.8035714285714286,0.95
2,0.2544904059597424,0.7321428571428571,0.9285714285714286
3,0.257312464926924,0.7857142857142857,0.95
4,0.26222539756979263,0.75,0.9321428571428572
5,0.26322226130536625,0.75,0.9178571428571428
