epoch,cos_dist,top1_acc,top3_acc
0,0.3354573679821832,0.6678571428571428,0.9107142857142857
1,0.25401125411902153,0.7571428571428571,0.9464285714285714
2,0.25131817694221226,0.7571428571428571,0.9428571428571428
3,0.25874683676021437,0.7464285714285714,0.9142857142857143
4,0.2620752370783261,0.7464285714285714,0.9071428571428571
5,0.26409956738352774,0.7392857142857143,0.9214285714285714
