epoch,cos_dist,top1_acc,top3_acc
0,0.3354573679821832,0.6678571428571428,0.9107142857142857
1,0.24055497071572712,0.7428571428571429,0.9428571428571428
2,0.23656436524220875,0.775,0.925
3,0.24013112581201962,0.7571428571428571,0.9285714285714286
4,0.2429245778492519,0.7464285714285714,0.9392857142857143
5,0.24285158248884336,0.7607142857142857,0.9321428571428572
