epoch,cos_dist,top1_acc,top3_acc
0,0.3354573679821832,0.6678571428571428,0.9107142857142857
1,0.2699749970010349,0.7964285714285714,0.9464285714285714
2,0.2597396290728024,0.7714285714285715,0.9357142857142857
3,0.26701358833483285,0.7928571428571428,0.9392857142857143
4,0.27479144015482493,0.7892857142857143,0.925
5,0.27791030960423607,0.7571428571428571,0.9321428571428572
