epoch,cos_dist,top1_acc,top3_acc
0,0.3354573679821832,0.6678571428571428,0.9107142857142857
1,0.2736959188112191,0.7464285714285714,0.9285714285714286
2,0.25119298164333614,0.7857142857142857,0.9535714285714286
3,0.2489439250103065,0.7714285714285715,0.9428571428571428
4,0.2518526647772108,0.7714285714285715,0.9428571428571428
5,0.2559065800692354,0.7857142857142857,0.9464285714285714
