epoch,cos_dist,top1_acc,top3_acc
0,0.3354573679821832,0.6678571428571428,0.9107142857142857
1,0.25591824437890737,0.7464285714285714,0.95
2,0.25250273793935774,0.775,0.9285714285714286
3,0.26157381843243327,0.7464285714285714,0.9357142857142857
4,0.26304583953959604,0.7714285714285715,0.9392857142857143
5,0.2640619165131024,0.7714285714285715,0.9214285714285714
