epoch,cos_dist,top1_acc,top3_acc
0,0.3354573679821832,0.6678571428571428,0.9107142857142857
1,0.29507073632308417,0.7714285714285715,0.9464285714285714
2,0.2849906177393028,0.7678571428571429,0.9535714285714286
3,0.2899691722222737,0.7857142857142857,0.9428571428571428
4,0.2987636737525463,0.8,0.9428571428571428
5,0.3108129608844008,0.7642857142857142,0.925
