epoch,cos_dist,top1_acc,top3_acc
0,0.3354573679821832,0.6678571428571428,0.9107142857142857
1,0.25306481644511225,0.7785714285714286,0.9357142857142857
2,0.24923983397228378,0.7964285714285714,0.9357142857142857
3,0.2561800507562501,0.7821428571428571,0.9321428571428572
4,0.261344557681254,0.7642857142857142,0.925
5,0.26415889028991973,0.75,0.9285714285714286
