epoch,cos_dist,top1_acc,top3_acc
0,0.3354573679821832,0.6678571428571428,0.9107142857142857
1,0.23295988419226238,0.7642857142857142,0.9464285714285714
2,0.23450837763292448,0.7892857142857143,0.9428571428571428
3,0.23895522611481804,0.7464285714285714,0.9142857142857143
4,0.2405278515602861,0.7357142857142858,0.9392857142857143
5,0.24134474971464703,0.7464285714285714,0.9321428571428572
