epoch,cos_dist,top1_acc,top3_acc
0,0.3354573679821832,0.6678571428571428,0.9107142857142857
1,0.23479313350149564,0.7714285714285715,0.9464285714285714
2,0.23888380474277904,0.7392857142857143,0.9321428571428572
3,0.24003624245524408,0.7357142857142858,0.9214285714285714
4,0.24048765684877124,0.725,0.9285714285714286
5,0.24265253362911088,0.7214285714285714,0.9178571428571428
