epoch,cos_dist,top1_acc,top3_acc
0,0.3354573679821832,0.6678571428571428,0.9107142857142857
1,0.2708227615271296,0.7535714285714286,0.9178571428571428
2,0.2758733045841966,0.7392857142857143,0.9285714285714286
3,0.28590177148580553,0.75,0.9321428571428572
4,0.2923291157398905,0.7321428571428571,0.9285714285714286
5,0.2936116155769144,0.7142857142857143,0.9107142857142857
