epoch,cos_dist,top1_acc,top3_acc
0,0.3354573679821832,0.6678571428571428,0.9107142857142857
1,0.23323336680020604,0.7821428571428571,0.9535714285714286
2,0.23815814565335,0.7607142857142857,0.9357142857142857
3,0.2416210369340011,0.7392857142857143,0.925
4,0.2442720272711345,0.7535714285714286,0.9178571428571428
5,0.2446424048926149,0.7142857142857143,0.9357142857142857
