epoch,cos_dist,top1_acc,top3_acc
0,0.3354573679821832,0.6678571428571428,0.9107142857142857
1,0.2457011153655393,0.7535714285714286,0.9321428571428572
2,0.2469906836748123,0.7857142857142857,0.9285714285714286
3,0.2559743142553738,0.7285714285714285,0.9142857142857143
4,0.2547327418412481,0.7285714285714285,0.9285714285714286
5,0.25626332664064,0.75,0.9214285714285714
