epoch,cos_dist,top1_acc,top3_acc
0,0.3354573679821832,0.6678571428571428,0.9107142857142857
1,0.27278287197862355,0.7785714285714286,0.9321428571428572
2,0.2508643417486123,0.7928571428571428,0.9535714285714286
3,0.24883030951023102,0.7821428571428571,0.9464285714285714
4,0.25254681429692677,0.775,0.9428571428571428
5,0.25601871301020895,0.7714285714285715,0.9285714285714286
