epoch,cos_dist,top1_acc,top3_acc
0,0.3354573679821832,0.6678571428571428,0.9107142857142857
1,0.25323118908064707,0.75,0.95
2,0.2501464349882943,0.7857142857142857,0.9392857142857143
3,0.2581087509436267,0.7571428571428571,0.9285714285714286
4,0.2605007079030786,0.75,0.925
5,0.2645257753985269,0.7392857142857143,0.9107142857142857
