epoch,cos_dist,top1_acc,top3_acc
0,0.3354573679821832,0.6678571428571428,0.9107142857142857
1,0.23343675402658326,0.7642857142857142,0.9464285714285714
2,0.23724231421947478,0.775,0.9214285714285714
3,0.24294852539896966,0.7321428571428571,0.9178571428571428
4,0.24306300431489944,0.7607142857142857,0.9285714285714286
5,0.24250605968492372,0.7285714285714285,0.9178571428571428
