epoch,cos_dist,top1_acc,top3_acc
0,0.3354573679821832,0.6678571428571428,0.9107142857142857
1,0.23452234119176865,0.7607142857142857,0.9535714285714286
2,0.23724789353353637,0.7428571428571429,0.9392857142857143
3,0.2402065827378205,0.7428571428571429,0.9142857142857143
4,0.24060602922524724,0.7428571428571429,0.9285714285714286
5,0.2421640083193779,0.7285714285714285,0.9107142857142857
