epoch,cos_dist,top1_acc,top3_acc
0,0.3354573679821832,0.6678571428571428,0.9107142857142857
1,0.267149140472923,0.7571428571428571,0.9357142857142857
2,0.2774059856576579,0.7607142857142857,0.9321428571428572
3,0.2851774426443236,0.7607142857142857,0.9214285714285714
4,0.29391306958028246,0.7107142857142857,0.925
5,0.2925248397248132,0.7428571428571429,0.9178571428571428
