epoch,cos_dist,top1_acc,top3_acc
0,0.3354573679821832,0.6678571428571428,0.9107142857142857
1,0.2948920081768717,0.7428571428571429,0.9178571428571428
2,0.2853590256401471,0.7714285714285715,0.9464285714285714
3,0.29015992007085256,0.7892857142857143,0.9428571428571428
4,0.30107524490782195,0.7714285714285715,0.9392857142857143
5,0.30915918297001294,0.7892857142857143,0.9464285714285714
