epoch,cos_dist,top1_acc,top3_acc
0,0.3354573679821832,0.6678571428571428,0.9107142857142857
1,0.2549612147467477,0.7607142857142857,0.9392857142857143
2,0.25252055249043875,0.7464285714285714,0.9464285714285714
3,0.25927628598042896,0.7428571428571429,0.925
4,0.26127811265843254,0.775,0.925
5,0.2657711258956364,0.7464285714285714,0.9285714285714286
