epoch,cos_dist,top1_acc,top3_acc
0,0.3354573679821832,0.6678571428571428,0.9107142857142857
1,0.24495745099016597,0.7928571428571428,0.9392857142857143
2,0.24816989696451597,0.7607142857142857,0.9178571428571428
3,0.25408572927117345,0.7357142857142858,0.9107142857142857
4,0.25850107978497233,0.7714285714285715,0.925
5,0.2563876998211656,0.7678571428571429,0.9285714285714286
