epoch,cos_dist,top1_acc,top3_acc
0,0.3354573679821832,0.6678571428571428,0.9107142857142857
1,0.2530770645609924,0.7678571428571429,0.95
2,0.2513135500252247,0.7464285714285714,0.9285714285714286
3,0.2581023084265845,0.7607142857142857,0.9357142857142857
4,0.2603303683655603,0.7428571428571429,0.9285714285714286
5,0.2656097574957779,0.7392857142857143,0.9107142857142857
