epoch,cos_dist,top1_acc,top3_acc
0,0.3354573679821832,0.6678571428571428,0.9107142857142857
1,0.2659386287842478,0.7642857142857142,0.925
2,0.27512287721037865,0.7607142857142857,0.9321428571428572
3,0.2851207937513079,0.75,0.9214285714285714
4,0.28617791586688585,0.7642857142857142,0.9035714285714286
5,0.29330638945102694,0.7214285714285714,0.9107142857142857
