epoch,cos_dist,top1_acc,top3_acc
0,0.3354573679821832,0.6678571428571428,0.9107142857142857
1,0.23335754999092648,0.7714285714285715,0.95
2,0.23959030892167774,0.7464285714285714,0.9285714285714286
3,0.24199823268822263,0.7535714285714286,0.9142857142857143
4,0.24108129260795458,0.7428571428571429,0.9035714285714286
5,0.2454516980264868,0.7071428571428572,0.9107142857142857
