epoch,cos_dist,top1_acc,top3_acc
0,0.3354573679821832,0.6678571428571428,0.9107142857142857
1,0.27222531182425364,0.7535714285714286,0.9464285714285714
2,0.2631027232323374,0.7785714285714286,0.9428571428571428
3,0.26785302949803214,0.7642857142857142,0.95
4,0.27631131123219216,0.7607142857142857,0.9321428571428572
5,0.2832700215280056,0.75,0.9285714285714286
