epoch,cos_dist,top1_acc,top3_acc
0,0.3354573679821832,0.6678571428571428,0.9107142857142857
1,0.2677908936781543,0.7678571428571429,0.9392857142857143
2,0.2792079879769257,0.7142857142857143,0.9214285714285714
3,0.2851202787033149,0.7392857142857143,0.9035714285714286
4,0.2863935117210661,0.7642857142857142,0.9321428571428572
5,0.29103057427065715,0.7428571428571429,0.9142857142857143
