epoch,cos_dist,top1_acc,top3_acc
0,0.3354573679821832,0.6678571428571428,0.9107142857142857
1,0.24768494665622712,0.7464285714285714,0.9428571428571428
2,0.25171970959220613,0.7571428571428571,0.9107142857142857
3,0.2563907623291016,0.75,0.9071428571428571
4,0.25719864602599823,0.7392857142857143,0.9142857142857143
5,0.2556803378675665,0.7821428571428571,0.9285714285714286
