epoch,cos_dist,top1_acc,top3_acc
0,0.3354573679821832,0.6678571428571428,0.9107142857142857
1,0.29570975793259485,0.7714285714285715,0.9357142857142857
2,0.2867205467607294,0.7714285714285715,0.9428571428571428
3,0.29353394614798684,0.7642857142857142,0.9535714285714286
4,0.30216031659926684,0.7892857142857143,0.9357142857142857
5,0.31125328317284584,0.7857142857142857,0.9392857142857143
