epoch,cos_dist,top1_acc,top3_acc
0,0.3354573679821832,0.6678571428571428,0.9107142857142857
1,0.28051735003079686,0.7392857142857143,0.9428571428571428
2,0.287514539701598,0.7678571428571429,0.9285714285714286
3,0.30147865904229026,0.7642857142857142,0.9214285714285714
4,0.30754165149160795,0.7714285714285715,0.925
5,0.31362899605716976,0.725,0.9178571428571428
