epoch,cos_dist,top1_acc,top3_acc
0,0.3354573679821832,0.6678571428571428,0.9107142857142857
1,0.2448413359267371,0.7821428571428571,0.9464285714285714
2,0.2503840582711356,0.7607142857142857,0.9321428571428572
3,0.25386805811098645,0.7357142857142858,0.9142857142857143
4,0.25703270552413804,0.7678571428571429,0.9142857142857143
5,0.2587791728121894,0.7357142857142858,0.9214285714285714
