epoch,cos_dist,top1_acc,top3_acc
0,0.3354573679821832,0.6678571428571428,0.9107142857142857
1,0.2562290634427752,0.7607142857142857,0.9464285714285714
2,0.253977871792657,0.7607142857142857,0.925
3,0.2592467275049005,0.7678571428571429,0.9285714285714286
4,0.26114578970841,0.7607142857142857,0.9357142857142857
5,0.26459638785038675,0.7607142857142857,0.925
