epoch,cos_dist,top1_acc,top3_acc
0,0.3354573679821832,0.6678571428571428,0.9107142857142857
1,0.24559745096734592,0.7714285714285715,0.9321428571428572
2,0.24870527546320642,0.7535714285714286,0.9428571428571428
3,0.25513937324285507,0.725,0.9178571428571428
4,0.257503105700016,0.725,0.9178571428571428
5,0.2592334413102695,0.7321428571428571,0.9178571428571428
