epoch,cos_dist,top1_acc,top3_acc
0,0.3354573679821832,0.6678571428571428,0.9107142857142857
1,0.27003671377897265,0.7714285714285715,0.9321428571428572
2,0.2610921671347959,0.7785714285714286,0.95
3,0.2704157143831253,0.7642857142857142,0.925
4,0.27492580296737806,0.7642857142857142,0.9285714285714286
5,0.279931581978287,0.7642857142857142,0.9321428571428572
