epoch,cos_dist,top1_acc,top3_acc
0,0.3354573679821832,0.6678571428571428,0.9107142857142857
1,0.2460415780544281,0.7642857142857142,0.9428571428571428
2,0.25296942942908834,0.7214285714285714,0.9285714285714286
3,0.25731720158032007,0.7678571428571429,0.9035714285714286
4,0.26052307177867207,0.7285714285714285,0.9142857142857143
5,0.25574181718485695,0.7428571428571429,0.9357142857142857
