epoch,cos_dist,top1_acc,top3_acc
0,0.3354573679821832,0.6678571428571428,0.9107142857142857
1,0.23427557455641881,0.7714285714285715,0.95
2,0.2391194580921105,0.75,0.925
3,0.2392630845308304,0.7607142857142857,0.9392857142857143
4,0.2406618340739182,0.7642857142857142,0.9321428571428572
5,0.23959330107484544,0.75,0.9321428571428572
