epoch,cos_dist,top1_acc,top3_acc
0,0.3354573679821832,0.6678571428571428,0.9107142857142857
1,0.28031618616410664,0.7857142857142857,0.9535714285714286
2,0.28829040293182645,0.7642857142857142,0.9428571428571428
3,0.30249298023326054,0.75,0.9428571428571428
4,0.3108192177755492,0.7535714285714286,0.9035714285714286
5,0.3113926214831216,0.775,0.9392857142857143
