epoch,cos_dist,top1_acc,top3_acc
0,0.3354573679821832,0.6678571428571428,0.9107142857142857
1,0.27394681626132555,0.7357142857142858,0.9357142857142857
2,0.25196206559027945,0.7821428571428571,0.95
3,0.24864837037665502,0.7892857142857143,0.9464285714285714
4,0.25311548039317133,0.7714285714285715,0.95
5,0.2578938246837684,0.7571428571428571,0.9392857142857143
