epoch,cos_dist,top1_acc,top3_acc
0,0.3354573679821832,0.6678571428571428,0.9107142857142857
1,0.23720053743038857,0.7535714285714286,0.9321428571428572
2,0.23735557539122445,0.7607142857142857,0.9214285714285714
3,0.2418025909789971,0.7357142857142858,0.9142857142857143
4,0.24400312996336393,0.7357142857142858,0.9214285714285714
5,0.24564404391816685,0.7571428571428571,0.9107142857142857
