epoch,cos_dist,top1_acc,top3_acc
0,0.3354573679821832,0.6678571428571428,0.9107142857142857
1,0.284036164943661,0.7535714285714286,0.9178571428571428
2,0.29089033965553557,0.7392857142857143,0.925
3,0.30280563799398286,0.7464285714285714,0.9214285714285714
4,0.31056263680968965,0.7428571428571429,0.9142857142857143
5,0.31475342267325945,0.7642857142857142,0.9035714285714286
