epoch,cos_dist,top1_acc,top3_acc
0,0.3354573679821832,0.6678571428571428,0.9107142857142857
1,0.24344387469547135,0.7678571428571429,0.9464285714285714
2,0.24966365205390112,0.7214285714285714,0.925
3,0.254849329910108,0.7464285714285714,0.9214285714285714
4,0.2532003750758512,0.7607142857142857,0.925
5,0.2540441287415368,0.7785714285714286,0.9321428571428572
