epoch,cos_dist,top1_acc,top3_acc
0,0.3354573679821832,0.6678571428571428,0.9107142857142857
1,0.24418464686189378,0.75,0.9464285714285714
2,0.24628902173468045,0.7642857142857142,0.9464285714285714
3,0.2502922858510699,0.7571428571428571,0.9321428571428572
4,0.2560375126344817,0.7392857142857143,0.9178571428571428
5,0.2562665779675756,0.7321428571428571,0.9
