epoch,cos_dist,top1_acc,top3_acc
0,0.3354573679821832,0.6678571428571428,0.9107142857142857
1,0.270296341500112,0.7535714285714286,0.9392857142857143
2,0.2615685223468712,0.7642857142857142,0.9535714285714286
3,0.2683502875268459,0.7464285714285714,0.9392857142857143
4,0.27617154025605745,0.7357142857142858,0.9428571428571428
5,0.2776714326015541,0.7714285714285715,0.9178571428571428
