epoch,cos_dist,top1_acc,top3_acc
0,0.3354573679821832,0.6678571428571428,0.9107142857142857
1,0.27081240639090537,0.7785714285714286,0.9535714285714286
2,0.26195356973579953,0.7678571428571429,0.925
3,0.26744975809540067,0.7714285714285715,0.9357142857142857
4,0.2762604430317879,0.7714285714285715,0.9428571428571428
5,0.28130234884364264,0.7642857142857142,0.9285714285714286
