epoch,cos_dist,top1_acc,top3_acc
0,0.3354573679821832,0.6678571428571428,0.9107142857142857
1,0.2955834473882403,0.7678571428571429,0.9321428571428572
2,0.2857451508087771,0.7821428571428571,0.9464285714285714
3,0.2912235978458609,0.7857142857142857,0.9464285714285714
4,0.30257986528532843,0.75,0.9321428571428572
5,0.3119767653090613,0.775,0.9321428571428572
