epoch,cos_dist,top1_acc,top3_acc
0,0.3354573679821832,0.6678571428571428,0.9107142857142857
1,0.2362768323293754,0.7571428571428571,0.9357142857142857
2,0.23519580513238908,0.7607142857142857,0.9357142857142857
3,0.23704696648887225,0.7785714285714286,0.9214285714285714
4,0.24186969633613314,0.7642857142857142,0.9321428571428572
5,0.2439638251704829,0.7285714285714285,0.9178571428571428
