epoch,cos_dist,top1_acc,top3_acc
0,0.3354573679821832,0.6678571428571428,0.9107142857142857
1,0.25706622834716525,0.7642857142857142,0.9428571428571428
2,0.2576951190829277,0.7392857142857143,0.9285714285714286
3,0.2579852516097682,0.7821428571428571,0.9357142857142857
4,0.2625119872391224,0.7607142857142857,0.9357142857142857
5,0.26359959872705596,0.75,0.9321428571428572
