epoch,cos_dist,top1_acc,top3_acc
0,0.3354573679821832,0.6678571428571428,0.9107142857142857
1,0.2948194069521768,0.7678571428571429,0.9357142857142857
2,0.2853851535490581,0.7642857142857142,0.9428571428571428
3,0.28995999044605664,0.8071428571428572,0.9464285714285714
4,0.3011975696044309,0.7678571428571429,0.9285714285714286
5,0.31039778260248047,0.7785714285714286,0.9357142857142857
