epoch,cos_dist,top1_acc,top3_acc
0,0.3354573679821832,0.6678571428571428,0.9107142857142857
1,0.28015670425125533,0.7571428571428571,0.9321428571428572
2,0.2897828994052751,0.7535714285714286,0.9285714285714286
3,0.3025076752262456,0.7392857142857143,0.925
4,0.3081360957452229,0.7571428571428571,0.9214285714285714
5,0.31755936103207727,0.7464285714285714,0.9214285714285714
