epoch,cos_dist,top1_acc,top3_acc
0,0.3354573679821832,0.6678571428571428,0.9107142857142857
1,0.2556806728243828,0.7464285714285714,0.9178571428571428
2,0.2535709355558668,0.7642857142857142,0.9357142857142857
3,0.2635455681809357,0.7357142857142858,0.9214285714285714
4,0.2616292549031121,0.7678571428571429,0.9357142857142857
5,0.26226015889218873,0.7678571428571429,0.9285714285714286
