epoch,cos_dist,top1_acc,top3_acc
0,0.3354573679821832,0.6678571428571428,0.9107142857142857
1,0.23643977407898223,0.7535714285714286,0.9392857142857143
2,0.2402570271066257,0.7392857142857143,0.9285714285714286
3,0.24192103573254176,0.7321428571428571,0.9178571428571428
4,0.2416407752249922,0.725,0.925
5,0.24094556782926832,0.7285714285714285,0.9178571428571428
