epoch,cos_dist,top1_acc,top3_acc
0,0.3354573679821832,0.6678571428571428,0.9107142857142857
1,0.2676186591386795,0.7571428571428571,0.9285714285714286
2,0.2748440661600658,0.7678571428571429,0.9321428571428572
3,0.2857881574758461,0.725,0.9035714285714286
4,0.28882727718779017,0.7464285714285714,0.9321428571428572
5,0.293135513152395,0.7071428571428572,0.9142857142857143
