epoch,cos_dist,top1_acc,top3_acc
0,0.3354573679821832,0.6678571428571428,0.9107142857142857
1,0.2735936813056469,0.7464285714285714,0.9285714285714286
2,0.2517747251050813,0.7642857142857142,0.9428571428571428
3,0.24874825019921576,0.775,0.9464285714285714
4,0.25303247272968293,0.7714285714285715,0.9392857142857143
5,0.25656640327402525,0.7785714285714286,0.9428571428571428
