epoch,cos_dist,top1_acc,top3_acc
0,0.3354573679821832,0.6678571428571428,0.9107142857142857
1,0.23802146975483213,0.7321428571428571,0.9357142857142857
2,0.23579439691134862,0.7642857142857142,0.9214285714285714
3,0.23832845858165197,0.7678571428571429,0.925
4,0.23953302960310663,0.7607142857142857,0.9178571428571428
5,0.24149105197616985,0.7892857142857143,0.925
