epoch,cos_dist,top1_acc,top3_acc
0,0.3354573679821832,0.6678571428571428,0.9107142857142857
1,0.2411692964179175,0.7714285714285715,0.9464285714285714
2,0.23645640994821276,0.7535714285714286,0.95
3,0.24030660007681165,0.7714285714285715,0.9321428571428572
4,0.24356266590101378,0.7357142857142858,0.9142857142857143
5,0.24217232955353601,0.7642857142857142,0.9321428571428572
