epoch,cos_dist,top1_acc,top3_acc
0,0.3354573679821832,0.6678571428571428,0.9107142857142857
1,0.2666816469814096,0.7857142857142857,0.9428571428571428
2,0.2784723921545914,0.7178571428571429,0.8964285714285715
3,0.28502641724688665,0.7285714285714285,0.9214285714285714
4,0.2877478518656322,0.725,0.9214285714285714
5,0.28838026810969625,0.7607142857142857,0.925
