epoch,cos_dist,top1_acc,top3_acc
0,0.3354573679821832,0.6678571428571428,0.9107142857142857
1,0.27979701065591406,0.7892857142857143,0.9464285714285714
2,0.2868221930095128,0.775,0.9428571428571428
3,0.30091005531804904,0.7535714285714286,0.9142857142857143
4,0.3129857495427132,0.7428571428571429,0.9142857142857143
5,0.31643164296235354,0.725,0.9321428571428572
